영화명,번호,개봉_연도,개봉_월,개봉_요일,여름_개봉,겨울_개봉,대표장르,대표국가,한국_영화,평균기온,최고기온,첫주_관객수,top10_주수,최고_순위,백만_돌파
라스트 사무라이,1,2004,1,4,0,1,액션,미국,0,1.8,5.0,87988,6,3,0
말죽거리 잔혹사,2,2004,1,4,0,1,액션,한국,1,1.4,5.5,284,7,1,0
내사랑 싸가지,3,2004,1,4,0,1,코미디,한국,1,1.4,5.5,77531,4,3,0
브라더 베어,4,2004,1,4,0,1,드라마,미국,0,1.4,5.5,8150,2,10,0
빙우,5,2004,1,4,0,1,드라마,한국,1,1.4,5.5,24043,2,7,0
피터 팬,6,2004,1,4,0,1,어드벤처,미국,0,1.4,5.5,25823,4,4,0
페이첵,7,2004,1,3,0,1,액션,미국,0,-13.0,-9.1,70078,4,4,0
안녕! 유에프오,8,2004,1,4,0,1,드라마,한국,1,1.7,6.0,27937,2,7,0
런어웨이,9,2004,1,4,0,1,스릴러,미국,0,1.7,6.0,14532,1,10,0
그녀를 모르면 간첩,10,2004,1,4,0,1,코미디,한국,1,1.7,6.0,23907,1,9,0
자토이치,11,2004,1,4,0,1,액션,일본,0,1.7,6.0,3625,1,10,0
태극기 휘날리며,12,2004,2,3,0,0,전쟁,한국,1,-4.9,-0.8,408103,15,1,1
베이직,13,2004,2,4,0,0,액션,미국,0,-4.0,-0.6,8392,2,10,0
스파이 키드 3D,14,2004,2,4,0,0,액션,미국,0,3.8,7.0,2633,1,11,0
열두명의 웬수들 ,15,2004,2,4,0,0,코미디,미국,0,3.8,7.0,7159,2,6,0
사랑할 때 버려야 할 아까운 것들,16,2004,2,4,0,0,코미디,미국,0,3.8,7.0,37061,5,3,0
목포는 항구다,17,2004,2,4,0,0,드라마,한국,1,11.5,18.7,68018,7,2,0
그녀를 믿지 마세요,18,2004,2,4,0,0,코미디,한국,1,11.5,18.7,65258,5,3,0
콜드 마운틴,19,2004,2,4,0,0,전쟁,미국,0,11.5,18.7,19601,3,6,0
사랑도 통역이 되나요?,20,2004,2,4,0,0,멜로/로맨스,미국,0,11.5,18.7,14163,2,7,0
스쿨 오브 락,21,2004,2,4,0,0,코미디,영국,0,1.9,6.1,12349,2,8,0
타임라인,22,2004,2,4,0,0,SF,미국,0,1.9,6.1,14412,1,7,0
8명의 여인들,23,2004,2,4,0,0,코미디,프랑스,0,1.9,6.1,7205,1,11,0
빅 피쉬,24,2004,3,4,0,0,판타지,미국,0,-0.1,3.5,19014,4,6,0
휴먼 스테인,25,2004,3,4,0,0,드라마,미국,0,-0.1,3.5,11901,1,8,0
사마리아,26,2004,3,4,0,0,드라마,한국,1,-0.1,3.5,25569,2,5,0
어깨동무,27,2004,3,4,0,0,코미디,한국,1,6.9,11.6,42808,3,4,0
어디선가 누군가에 무슨일이 생기면 틀림없이 나타난다 홍반장,28,2004,3,4,0,0,코미디,한국,1,6.9,11.6,57954,4,2,0
헌티드,29,2004,3,4,0,0,액션,미국,0,6.9,11.6,15214,2,9,0
모나리자 스마일,30,2004,3,4,0,0,드라마,미국,0,4.2,9.6,20787,2,5,0
히달고,31,2004,3,4,0,0,액션,미국,0,4.2,9.6,17268,2,7,0
맹부삼천지교,32,2004,3,4,0,0,코미디,한국,1,10.6,16.2,64424,4,2,0
아홉살 인생,33,2004,3,4,0,0,드라마,한국,1,10.6,16.2,31999,3,5,0
허니 ,34,2004,3,4,0,0,드라마,미국,0,10.6,16.2,15229,1,7,0
마지막 늑대,35,2004,4,3,0,0,코미디,한국,1,9.1,16.7,24045,2,6,0
어린 신부,36,2004,4,4,0,0,코미디,한국,1,5.6,7.5,112480,9,1,0
폴리와 함께,37,2004,4,4,0,0,멜로/로맨스,미국,0,5.6,7.5,13793,2,7,0
패션 오브 크라이스트,38,2004,4,4,0,0,드라마,미국,0,5.6,7.5,124330,7,1,0
고티카,39,2004,4,4,0,0,공포(호러),미국,0,5.6,7.5,11047,2,9,0
저지 걸,40,2004,4,4,0,0,멜로/로맨스,미국,0,13.0,19.7,21983,3,6,0
바람의 전설,41,2004,4,4,0,0,드라마,한국,1,13.0,19.7,24938,3,5,0
범죄의 재구성,42,2004,4,3,0,0,스릴러,한국,1,15.5,21.7,222524,7,1,0
테이킹 라이브즈,43,2004,4,3,0,0,스릴러,미국,0,15.5,21.7,17057,2,10,0
첫키스만 50번째,44,2004,4,3,0,0,코미디,미국,0,15.5,21.7,60402,5,4,0
더티 댄싱 - 하바나 나이트,45,2004,4,4,0,0,멜로/로맨스,미국,0,12.8,16.8,9942,1,10,0
라이어,46,2004,4,4,0,0,코미디,한국,1,12.8,16.8,55433,2,5,0
아라한 장풍대작전,47,2004,4,4,0,0,액션,한국,1,17.3,22.6,171072,7,2,0
인 더 컷,48,2004,4,4,0,0,스릴러,미국,0,17.3,22.6,15996,1,8,0
스쿠비-두2 : 몬스터 대소동,49,2004,4,4,0,0,코미디,미국,0,17.3,22.6,11388,1,9,0
스타스키와 허치,50,2004,4,4,0,0,액션,미국,0,17.3,22.6,10954,1,9,0
천공의 성 라퓨타,51,2004,4,4,0,0,애니메이션,일본,0,17.3,22.6,9327,3,8,0
효자동 이발사,52,2004,5,2,0,0,드라마,한국,1,15.5,21.8,303160,5,1,0
여자는 남자의 미래다,53,2004,5,2,0,0,드라마,한국,1,15.5,21.8,58093,3,5,0
새벽의 저주,54,2004,5,4,0,0,공포(호러),미국,0,18.7,26.0,44236,3,6,0
킬 빌2,55,2004,5,4,0,0,액션,미국,0,18.7,26.0,63610,4,4,0
하류인생,56,2004,5,4,0,0,액션,한국,1,16.7,21.8,92208,3,2,0
트로이,57,2004,5,4,0,0,사극,미국,0,16.7,21.8,369619,7,1,1
디 아이2,58,2004,5,2,0,0,공포(호러),홍콩,0,19.9,24.3,82282,3,3,0
옹박 - 무에타이의 후예,59,2004,5,2,0,0,액션,태국,0,19.9,24.3,4780,4,4,0
투모로우,60,2004,6,3,0,0,SF,미국,0,26.0,32.5,428275,7,1,1
내 여자친구를 소개합니다,61,2004,6,3,0,0,멜로/로맨스,한국,1,26.0,32.5,539430,5,1,1
레이디킬러,62,2004,6,4,0,0,코미디,미국,0,26.3,32.4,11859,2,9,0
페이스,63,2004,6,4,0,0,공포(호러),한국,1,25.3,30.1,128443,3,4,0
데스티네이션 2,64,2004,6,4,0,0,공포(호러),미국,0,25.3,30.1,50501,2,5,0
령,65,2004,6,3,0,0,공포(호러),한국,1,19.2,24.5,188805,4,3,0
슈렉2,66,2004,6,4,0,0,애니메이션,미국,0,20.5,23.8,453595,6,1,1
블러디 선데이,67,2004,6,4,0,0,드라마,영국,0,20.5,23.8,18391,2,11,0
내 남자 친구는 왕자님,68,2004,6,4,0,0,멜로/로맨스,미국,0,20.5,23.8,25843,2,9,0
몬스터,69,2004,6,4,0,0,드라마,독일,0,20.5,23.8,20420,2,9,0
나두야 간다,70,2004,6,4,0,0,코미디,한국,1,25.2,29.6,11000,4,8,0
아는 여자,71,2004,6,4,0,0,드라마,한국,1,25.2,29.6,130791,4,4,0
스파이더맨 2,72,2004,6,2,0,0,SF,미국,0,24.7,29.1,643527,4,1,1
인어 공주,73,2004,6,2,0,0,드라마,한국,1,24.7,29.1,197834,3,3,0
무간도3: 종극무간,74,2004,7,4,1,0,드라마,홍콩,0,23.1,24.2,19092,2,9,0
투 가이즈,75,2004,7,4,1,0,코미디,한국,1,22.7,27.3,214637,3,4,0
"달마야, 서울 가자",76,2004,7,4,1,0,코미디,한국,1,22.7,27.3,313650,3,2,0
착신아리,77,2004,7,4,1,0,공포(호러),일본,0,22.7,27.3,95339,2,7,0
내 남자의 로맨스,78,2004,7,4,1,0,드라마,한국,1,23.0,24.6,265234,3,3,0
해리포터와 아즈카반의 죄수,79,2004,7,4,1,0,드라마,미국,0,23.0,24.6,704652,8,1,1
그놈은 멋있었다,80,2004,7,3,1,0,코미디,한국,1,27.4,32.0,161461,2,5,0
늑대의 유혹,81,2004,7,3,1,0,드라마,한국,1,27.4,32.0,409593,4,1,1
화씨 911,82,2004,7,3,1,0,다큐멘터리,미국,0,27.4,32.0,74826,2,8,0
킹 아더,83,2004,7,4,1,0,사극,미국,0,28.3,33.2,281597,3,3,0
반 헬싱,84,2004,7,4,1,0,액션,미국,0,29.2,33.4,278396,3,2,0
"아이, 로봇",85,2004,7,4,1,0,SF,미국,0,29.2,33.4,326066,5,1,1
인형사,86,2004,7,4,1,0,공포(호러),한국,1,29.2,33.4,94390,2,9,0
누구나 비밀은 있다,87,2004,7,4,1,0,코미디,한국,1,29.2,33.4,214549,3,6,0
분신사바,88,2004,8,3,1,0,공포(호러),한국,1,27.6,32.7,279004,2,4,0
신부수업,89,2004,8,3,1,0,드라마,한국,1,27.6,32.7,314480,3,3,0
얼굴 없는 미녀,90,2004,8,4,1,0,스릴러,한국,1,28.3,32.9,152353,2,8,0
바람의 파이터,91,2004,8,3,1,0,액션,한국,1,29.6,34.7,428675,5,1,1
시실리 2km,92,2004,8,4,1,0,코미디,한국,1,28.7,32.7,284516,6,2,1
리딕 - 헬리온 최후의 빛,93,2004,8,4,1,0,SF,미국,0,28.7,32.7,162421,2,6,0
가필드,94,2004,8,3,1,0,코미디,미국,0,21.8,25.3,113045,2,5,0
알포인트,95,2004,8,4,1,0,전쟁,한국,1,23.5,26.8,289646,5,1,1
본 슈프리머시,96,2004,8,4,1,0,액션,미국,0,23.5,26.8,159687,3,4,0
헬보이,97,2004,8,4,1,0,SF,미국,0,23.5,26.8,71528,2,8,0
쓰리 몬스터,98,2004,8,4,1,0,공포(호러),한국,1,23.5,26.8,95110,2,7,0
프레디 대 제이슨-13일의 금요일11,99,2004,8,4,1,0,공포(호러),미국,0,24.6,28.3,34652,1,9,0
터미널,100,2004,8,4,1,0,드라마,미국,0,24.6,28.3,315564,4,1,0
가족,101,2004,9,4,0,0,드라마,한국,1,23.7,28.0,168016,7,2,1
퀸카로 살아남는 법,102,2004,9,4,0,0,코미디,미국,0,23.7,28.0,47517,2,8,0
거미숲,103,2004,9,4,0,0,미스터리,한국,1,23.7,28.0,42020,2,10,0
에이리언 VS 프레데터,104,2004,9,4,0,0,SF,미국,0,23.7,28.0,98697,3,7,0
돈 텔 파파,105,2004,9,4,0,0,코미디,한국,1,23.7,28.0,142682,4,4,0
연인,106,2004,9,4,0,0,멜로/로맨스,중국,0,22.1,26.7,430281,4,1,1
슈퍼스타 감사용,107,2004,9,4,0,0,드라마,한국,1,23.6,28.7,136190,4,3,0
80일간의 세계 일주,108,2004,9,4,0,0,코미디,미국,0,23.6,28.7,139498,4,4,0
귀신이 산다,109,2004,9,4,0,0,코미디,한국,1,23.6,28.7,433801,6,1,1
꽃피는 봄이 오면,110,2004,9,3,0,0,드라마,한국,1,20.5,25.2,136488,4,3,0
빌리지,111,2004,9,4,0,0,공포(호러),미국,0,21.2,26.7,105321,3,5,0
캣우먼,112,2004,9,4,0,0,액션,미국,0,21.2,26.7,64847,2,8,0
맨 온 파이어,113,2004,9,4,0,0,액션,미국,0,21.2,26.7,58065,4,7,0
스텝포드 와이프,114,2004,10,4,0,0,코미디,미국,0,16.6,21.5,55364,3,5,0
우리 형,115,2004,10,4,0,0,드라마,한국,1,19.5,25.6,487280,6,1,1
세상의 중심에서 사랑을 외치다,116,2004,10,4,0,0,멜로/로맨스,일본,0,19.5,25.6,109704,4,3,0
콜래트럴,117,2004,10,4,0,0,액션,미국,0,13.9,19.8,210152,4,2,0
빈집,118,2004,10,4,0,0,드라마,한국,1,13.9,19.8,36933,2,6,0
2046,119,2004,10,4,0,0,드라마,홍콩,0,13.9,19.8,57143,2,5,0
S 다이어리,120,2004,10,4,0,0,코미디,한국,1,12.5,17.0,426646,4,1,1
썸,121,2004,10,4,0,0,스릴러,한국,1,12.5,17.0,97951,3,4,0
비포 선셋,122,2004,10,4,0,0,드라마,미국,0,12.5,17.0,45695,2,7,0
21 그램,123,2004,10,5,0,0,드라마,미국,0,12.1,17.7,31181,2,8,0
주홍글씨,124,2004,10,4,0,0,스릴러,한국,1,13.0,17.8,427637,4,1,1
프린세스 다이어리 2,125,2004,10,4,0,0,멜로/로맨스,미국,0,13.0,17.8,60855,2,7,0
이프 온리,126,2004,10,4,0,0,멜로/로맨스,미국,0,13.0,17.8,87412,10,3,1
내 머리 속의 지우개,127,2004,11,4,0,0,멜로/로맨스,한국,1,11.4,15.8,463193,6,1,1
완벽한 그녀에게 딱 한가지 없는 것,128,2004,11,4,0,0,코미디,미국,0,11.4,15.8,24945,2,10,0
레지던트 이블 2-아포칼립스,129,2004,11,4,0,0,액션,미국,0,11.4,15.8,124026,3,4,0
쉘 위 댄스,130,2004,11,4,0,0,드라마,미국,0,5.1,9.6,45507,2,6,0
나비효과,131,2004,11,4,0,0,드라마,미국,0,5.1,9.6,210019,5,1,0
모터사이클 다이어리,132,2004,11,4,0,0,드라마,영국,0,5.1,9.6,26998,1,8,0
사랑에 빠지는 아주 특별한 법칙,133,2004,11,4,0,0,멜로/로맨스,아일랜드,0,5.1,9.6,45231,1,7,0
여선생 VS 여제자,134,2004,11,2,0,0,코미디,한국,1,9.9,15.1,300073,5,2,0
하나와 앨리스,135,2004,11,2,0,0,드라마,일본,0,9.9,15.1,54300,2,6,0
화이트 칙스,136,2004,11,2,0,0,코미디,미국,0,9.9,15.1,36521,1,9,0
택시: 더 멕시멈,137,2004,11,2,0,0,액션,미국,0,9.9,15.1,47271,2,6,0
엑소시스트: 더 비기닝,138,2004,11,2,0,0,공포(호러),미국,0,9.9,15.1,39399,2,8,0
귀여워,139,2004,11,4,0,0,드라마,한국,1,5.3,11.8,33391,1,8,0
노트북,140,2004,11,4,0,0,멜로/로맨스,미국,0,5.3,11.8,107093,14,2,0
"DMZ, 비무장지대",141,2004,11,4,0,0,드라마,한국,1,5.3,11.8,44286,2,7,0
발레 교습소,142,2004,12,4,0,1,드라마,한국,1,10.6,16.2,52051,2,9,0
포가튼,143,2004,12,4,0,1,스릴러,미국,0,10.6,16.2,96496,3,6,0
까불지마,144,2004,12,4,0,1,드라마,한국,1,10.6,16.2,68990,2,7,0
오페라의 유령,145,2004,12,2,0,1,뮤지컬,미국,0,5.8,9.8,441612,5,1,1
브리짓 존스의 일기2 : 열정과 애정,146,2004,12,2,0,1,멜로/로맨스,영국,0,5.8,9.8,309036,5,2,1
역도산,147,2004,12,2,0,1,드라마,한국,1,5.7,7.5,481034,3,1,0
블레이드 3,148,2004,12,2,0,1,액션,미국,0,5.7,7.5,290017,3,4,0
엘프,149,2004,12,2,0,1,코미디,미국,0,5.7,7.5,32348,2,7,0
인크레더블,150,2004,12,2,0,1,애니메이션,미국,0,5.7,7.5,244038,5,5,0
폴라 익스프레스,151,2004,12,3,0,1,애니메이션,미국,0,-3.7,1.0,131070,3,7,0
하울의 움직이는 성,152,2004,12,3,0,1,애니메이션,일본,0,-3.7,1.0,569521,11,1,1
여고생 시집가기,153,2004,12,3,0,1,코미디,한국,1,-3.7,1.0,40924,1,8,0
서바이빙 크리스마스,154,2004,12,4,0,1,코미디,미국,0,-0.8,3.4,23102,1,9,0
신석기 블루스,155,2004,12,3,0,1,코미디,한국,1,-4.6,-0.8,142189,2,6,0
알렉산더,156,2004,12,4,0,1,전쟁,미국,0,-4.7,-1.2,598669,3,1,1
내셔널 트레져,157,2004,12,4,0,1,액션,미국,0,-4.7,-1.2,381798,4,3,1
샤크,158,2005,1,4,0,1,애니메이션,미국,0,-2.9,2.2,339342,4,2,0
오션스 트웰브,159,2005,1,4,0,1,범죄,호주,0,-2.9,2.2,332414,3,4,0
월드 오브 투모로우,160,2005,1,4,0,1,SF,미국,0,-3.1,0.6,179599,2,7,0
몽정기2,161,2005,1,4,0,1,코미디,한국,1,-3.1,0.6,417232,3,1,0
키다리 아저씨,162,2005,1,4,0,1,드라마,한국,1,-3.1,0.6,185570,3,4,0
쿵푸 허슬,163,2005,1,4,0,1,코미디,중국,0,-3.1,0.6,307190,4,1,0
뉴 폴리스 스토리,164,2005,1,4,0,1,액션,홍콩,0,-5.4,-0.6,170050,3,5,0
엘렉트라,165,2005,1,4,0,1,액션,미국,0,-5.4,-0.6,102811,2,8,0
마더 데레사,166,2005,1,4,0,1,드라마,이탈리아,0,-5.4,-0.6,6853,1,10,0
말아톤,167,2005,1,3,0,1,드라마,한국,1,1.3,5.6,590518,9,1,1
공공의 적 2,168,2005,1,3,0,1,드라마,한국,1,1.3,5.6,825700,7,1,1
레모니 스니켓의 위험한 대결,169,2005,1,4,0,1,코미디,미국,0,2.1,7.3,318057,3,3,0
클로저,170,2005,2,3,0,0,멜로/로맨스,미국,0,-4.6,0.0,73904,3,6,0
그때 그 사람들,171,2005,2,3,0,0,미스터리,한국,1,-4.6,0.0,266455,3,4,0
B형 남자친구,172,2005,2,3,0,0,코미디,한국,1,-4.6,0.0,388139,3,3,1
피닉스,173,2005,2,4,0,0,액션,미국,0,-1.5,2.4,23637,2,8,0
콘스탄틴,174,2005,2,1,0,0,드라마,미국,0,1.7,5.8,830455,5,2,1
에비에이터,175,2005,2,4,0,0,드라마,독일,0,4.0,6.0,206930,3,5,0
레드 아이,176,2005,2,4,0,0,공포(호러),한국,1,4.0,6.0,101943,2,9,0
"제니, 주노",177,2005,2,4,0,0,드라마,한국,1,4.0,6.0,115019,2,7,0
파송송 계란탁,178,2005,2,4,0,0,코미디,한국,1,4.0,6.0,320107,4,2,0
나인 야드 2,179,2005,2,3,0,0,코미디,미국,0,-2.9,3.2,49455,2,10,0
네버랜드를 찾아서,180,2005,2,4,0,0,드라마,미국,0,-4.8,-1.5,76478,2,7,0
레이,181,2005,2,4,0,0,드라마,미국,0,-4.8,-1.5,101168,3,8,0
숨바꼭질,182,2005,2,4,0,0,드라마,미국,0,-4.8,-1.5,228222,4,2,0
코러스,183,2005,3,3,0,0,드라마,프랑스,0,-1.3,2.0,62047,1,9,0
"여자, 정혜",184,2005,3,3,0,0,드라마,한국,1,8.4,13.1,15749,1,9,0
마파도,185,2005,3,3,0,0,코미디,한국,1,8.4,13.1,407651,8,1,1
쏘우,186,2005,3,3,0,0,스릴러,미국,0,8.4,13.1,107536,3,6,0
밀리언 달러 베이비,187,2005,3,3,0,0,드라마,미국,0,8.4,13.1,234008,5,2,0
Mr.히치: 당신을 위한 데이트 코치,188,2005,3,4,0,0,멜로/로맨스,미국,0,0.7,5.0,192817,4,3,0
잠복근무,189,2005,3,3,0,0,코미디,한국,1,5.9,9.8,449908,6,2,1
호스티지,190,2005,3,4,0,0,스릴러,미국,0,3.9,8.3,130465,3,3,0
윔블던,191,2005,3,4,0,0,드라마,영국,0,3.1,7.0,55831,1,8,0
래더 49,192,2005,3,4,0,0,드라마,미국,0,3.1,7.0,27764,1,10,0
"지금, 만나러 갑니다",193,2005,3,4,0,0,드라마,일본,0,3.1,7.0,79914,2,6,0
달콤한 인생,194,2005,4,4,0,0,액션,한국,1,11.2,16.1,324186,5,2,1
미스 에이전트2 : 라스베가스 잠입사건,195,2005,4,4,0,0,액션,미국,0,11.2,16.1,64687,2,5,0
주먹이 운다(Crying Fist),196,2005,4,4,0,0,드라마,한국,1,11.2,16.1,357094,6,1,1
블랙아웃,197,2005,4,3,0,0,스릴러,독일,0,12.9,16.1,64411,2,7,0
엄마,198,2005,4,3,0,0,드라마,한국,1,12.9,16.1,79215,3,5,0
화이트 노이즈,199,2005,4,4,0,0,공포(호러),미국,0,14.9,22.5,27811,1,10,0
아나콘다2 : 사라지지 않는 저주,200,2005,4,4,0,0,공포(호러),미국,0,9.6,15.3,34556,2,9,0
역전의 명수,201,2005,4,4,0,0,코미디,한국,1,9.6,15.3,184708,4,1,0
미트 페어런츠2,202,2005,4,4,0,0,코미디,미국,0,9.6,15.3,99482,3,5,0
어바웃 러브,203,2005,4,3,0,0,드라마,영국,0,10.2,13.3,145756,4,3,0
인터프리터,204,2005,4,4,0,0,드라마,영국,0,11.6,16.8,113615,4,4,0
댄서의 순정,205,2005,4,3,0,0,드라마,한국,1,17.5,22.8,470958,6,1,1
트리플 X2 : 넥스트 레벨,206,2005,4,4,0,0,범죄,미국,0,19.2,25.3,189853,4,2,0
착신아리2,207,2005,4,4,0,0,공포(호러),일본,0,19.2,25.3,95066,4,5,0
밀리언즈,208,2005,5,2,0,0,코미디,영국,0,20.1,27.7,112518,2,5,0
혈의 누,209,2005,5,2,0,0,스릴러,한국,1,20.1,27.7,700519,5,1,1
킹덤 오브 헤븐,210,2005,5,2,0,0,액션,미국,0,20.1,27.7,545436,4,3,1
코치 카터,211,2005,5,4,0,0,드라마,미국,0,16.6,23.3,36693,2,7,0
킨제이 보고서,212,2005,5,4,0,0,드라마,미국,0,16.6,23.3,27959,1,8,0
남극일기,213,2005,5,3,0,0,스릴러,한국,1,17.2,23.0,465538,4,1,0
연애술사,214,2005,5,4,0,0,멜로/로맨스,한국,1,18.5,24.5,237140,5,2,1
"우리, 사랑일까요?",215,2005,5,4,0,0,드라마,미국,0,18.5,24.5,63705,2,7,0
하우스 오브 왁스,216,2005,5,4,0,0,공포(호러),미국,0,18.5,24.5,103401,2,6,0
스타워즈 에피소드3 - 시스의복수,217,2005,5,3,0,0,SF,미국,0,19.3,25.0,535419,5,1,1
그루지,218,2005,5,3,0,0,공포(호러),일본,0,19.3,25.0,215361,5,4,0
"안녕, 형아",219,2005,5,4,0,0,드라마,한국,1,20.7,27.7,254935,5,2,0
pm 11:14,220,2005,6,3,0,0,드라마,미국,0,19.1,22.2,108619,3,5,0
링2(2005),221,2005,6,4,0,0,공포(호러),미국,0,18.0,22.6,96531,2,6,0
패시파이어,222,2005,6,4,0,0,액션,미국,0,18.0,22.6,30642,2,9,0
간 큰 가족,223,2005,6,3,0,0,코미디,한국,1,23.6,28.0,422269,5,2,1
연애의 목적,224,2005,6,4,0,0,드라마,한국,1,19.1,23.1,478931,5,1,1
텍사스 전기톱 연쇄살인사건,225,2005,6,3,0,0,공포(호러),미국,0,21.2,25.2,81099,3,5,0
미스터 & 미세스 스미스,226,2005,6,3,0,0,멜로/로맨스,미국,0,21.2,25.2,736175,7,1,1
배트맨 비긴즈,227,2005,6,4,0,0,범죄,미국,0,25.9,32.0,319565,7,2,0
사하라,228,2005,6,4,0,0,액션,미국,0,25.9,32.0,186712,3,4,0
씬 시티,229,2005,6,3,0,0,범죄,미국,0,25.7,31.1,166080,3,5,0
셔터,230,2005,6,3,0,0,공포(호러),태국,0,25.7,31.1,103634,4,5,0
분홍신,231,2005,6,3,0,0,공포(호러),한국,1,25.7,31.1,355782,4,2,1
아미티빌 호러,232,2005,7,4,1,0,공포(호러),미국,0,23.8,26.5,47470,1,9,0
어썰트 13,233,2005,7,3,1,0,공포(호러),미국,0,24.1,28.5,54046,2,8,0
우주전쟁,234,2005,7,3,1,0,드라마,미국,0,24.1,28.5,1227855,5,1,1
마다가스카,235,2005,7,3,1,0,애니메이션,미국,0,25.0,29.6,468927,5,2,1
천군,236,2005,7,4,1,0,액션,한국,1,25.8,30.1,332070,4,3,0
여고괴담 4 : 목소리,237,2005,7,4,1,0,공포(호러),한국,1,25.8,30.1,195393,3,5,0
아일랜드,238,2005,7,3,1,0,SF,미국,0,27.1,32.5,865810,6,1,1
샤크보이와 라바걸의 모험 : 3-D,239,2005,7,3,1,0,SF,미국,0,27.1,32.5,21016,1,8,0
로봇(애니),240,2005,7,3,1,0,코미디,미국,0,23.1,26.0,188361,4,4,0
부기맨,241,2005,7,3,1,0,공포(호러),미국,0,23.1,26.0,41773,2,8,0
스텔스,242,2005,7,3,1,0,액션,미국,0,23.1,26.0,218491,3,4,0
친절한 금자씨,243,2005,7,4,1,0,스릴러,한국,1,25.4,28.5,1142930,5,1,1
웰컴 투 동막골,244,2005,8,3,1,0,전쟁,한국,1,28.5,32.5,949788,11,1,1
발리언트(애니),245,2005,8,4,1,0,코미디,영국,0,29.3,34.2,78725,2,7,0
판타스틱4,246,2005,8,3,1,0,액션,미국,0,25.2,27.5,272435,2,4,0
박수칠 때 떠나라,247,2005,8,3,1,0,드라마,한국,1,25.2,27.5,562961,5,2,1
가발,248,2005,8,4,1,0,공포(호러),한국,1,26.0,26.8,219622,2,6,0
옹박 : 두번째 미션,249,2005,8,3,1,0,액션,태국,0,25.5,30.0,165431,2,6,0
"이대로, 죽을 순 없다(Short Time)",250,2005,8,3,1,0,코미디,한국,1,25.5,30.0,269398,3,3,0
첼로-홍미주 일가 살인사건,251,2005,8,3,1,0,공포(호러),한국,1,25.5,30.0,104010,2,9,0
애프터 선셋,252,2005,8,3,1,0,코미디,미국,0,17.6,18.6,131590,3,4,0
그녀는 요술쟁이,253,2005,8,3,1,0,코미디,미국,0,17.6,18.6,134861,2,4,0
인 굿 컴퍼니,254,2005,8,4,1,0,코미디,미국,0,21.2,25.3,92085,2,7,0
크림슨 리버2,255,2005,9,3,0,0,범죄,프랑스,0,26.8,30.2,109161,2,5,0
게스후,256,2005,9,4,0,0,코미디,미국,0,25.2,27.7,97305,2,6,0
랜드 오브 데드,257,2005,9,4,0,0,공포(호러),미국,0,25.2,27.7,62235,1,10,0
가문의 위기,258,2005,9,2,0,0,코미디,한국,1,23.3,27.8,1039095,7,1,1
외출,259,2005,9,2,0,0,멜로/로맨스,한국,1,23.3,27.8,359833,3,4,0
형사 Duelist,260,2005,9,3,0,0,멜로/로맨스,한국,1,24.4,28.7,65715,4,2,0
나이트 플라이트,261,2005,9,4,0,0,스릴러,미국,0,22.6,23.7,114879,3,5,0
신데렐라맨,262,2005,9,3,0,0,드라마,미국,0,21.4,26.7,17928,4,5,0
더 독,263,2005,9,4,0,0,액션,프랑스,0,22.8,26.6,122322,2,6,0
찰리와 초콜릿 공장,264,2005,9,4,0,0,코미디,미국,0,22.8,26.6,274790,5,3,1
너는 내 운명,265,2005,9,4,0,0,멜로/로맨스,한국,1,20.1,23.2,89139,7,1,1
강력 3반,266,2005,9,3,0,0,액션,한국,1,20.8,25.2,279088,4,3,0
칠검,267,2005,9,3,0,0,액션,홍콩,0,20.8,25.2,152810,2,6,0
사랑니,268,2005,9,3,0,0,멜로/로맨스,한국,1,20.8,25.2,81872,2,8,0
보글보글 스폰지밥(애니),269,2005,9,4,0,0,애니메이션,미국,0,17.7,21.2,27413,1,10,0
미스터 주부퀴즈왕,270,2005,9,4,0,0,코미디,한국,1,17.7,21.2,15101,3,5,0
내 생애 가장 아름다운 일주일,271,2005,10,4,0,0,멜로/로맨스,한국,1,14.4,17.1,491052,6,1,1
날 미치게하는 남자,272,2005,10,4,0,0,코미디,미국,0,14.4,17.1,73916,1,9,0
당신이 사랑하는 동안에,273,2005,10,3,0,0,드라마,미국,0,17.4,21.7,68489,2,7,0
신화 : 진시황릉의 비밀,274,2005,10,3,0,0,액션,홍콩,0,17.4,21.7,215753,3,3,0
4 브라더스,275,2005,10,4,0,0,액션,미국,0,15.0,17.8,52353,1,8,0
베니스의 상인,276,2005,10,3,0,0,드라마,이탈리아,0,15.8,21.7,71750,2,6,0
퍼펙트 웨딩(몬스터 인 로),277,2005,10,3,0,0,코미디,미국,0,15.8,21.7,74489,2,8,0
새드무비,278,2005,10,3,0,0,드라마,한국,1,15.8,21.7,35992,4,2,0
케이브,279,2005,10,3,0,0,드라마,독일,0,15.8,21.7,124154,2,5,0
트랜스포터 엑스트림,280,2005,10,3,0,0,액션,미국,0,15.8,21.7,57625,1,9,0
야수와 미녀,281,2005,10,3,0,0,코미디,한국,1,14.6,20.0,300503,5,1,1
오로라 공주,282,2005,10,3,0,0,범죄,한국,1,14.6,20.0,271071,3,2,0
레전드 오브 조로,283,2005,10,4,0,0,액션,미국,0,12.4,16.2,163908,2,5,0
유령신부(애니),284,2005,11,3,0,0,애니메이션,영국,0,15.8,20.7,196308,3,4,0
"사랑해, 말순씨",285,2005,11,3,0,0,드라마,한국,1,15.8,20.7,185020,2,5,0
40살까지 못해본 사람,286,2005,11,4,0,0,코미디,미국,0,16.4,21.8,35899,1,9,0
월래스와 그로밋 : 거대토끼의 저주,287,2005,11,4,0,0,애니메이션,영국,0,16.4,21.8,165663,2,6,0
이터널 선샤인,288,2005,11,3,0,0,멜로/로맨스,미국,0,13.9,17.7,63931,7,4,0
미스터 소크라테스,289,2005,11,3,0,0,액션,한국,1,13.9,17.7,351560,5,1,1
"소년, 천국에 가다",290,2005,11,4,0,0,드라마,한국,1,12.8,17.2,142002,2,6,0
그림형제 : 마르바덴 숲의 전설,291,2005,11,3,0,0,판타지,미국,0,3.5,8.1,290460,4,2,0
플라이트 플랜,292,2005,11,4,0,0,드라마,미국,0,3.6,7.5,274899,4,3,0
무영검,293,2005,11,4,0,0,액션,한국,1,3.6,7.5,255979,4,3,0
엘리자베스타운,294,2005,11,4,0,0,코미디,미국,0,3.6,7.5,51885,1,10,0
로드 오브 워,295,2005,11,4,0,0,액션,미국,0,3.6,7.5,62571,2,6,0
도쿄타워,296,2005,11,2,0,0,드라마,일본,0,8.5,13.3,32514,1,9,0
광식이 동생 광태,297,2005,11,2,0,0,코미디,한국,1,8.5,13.3,731168,5,1,1
나의 결혼원정기,298,2005,11,2,0,0,드라마,한국,1,8.5,13.3,265381,5,3,0
해리 포터와 불의 잔,299,2005,12,3,0,1,액션,미국,0,5.9,11.1,1055517,9,1,1
6월의 일기,300,2005,12,3,0,1,드라마,한국,1,5.9,11.1,242205,4,3,0
저스트 라이크 헤븐,301,2005,12,3,0,1,코미디,미국,0,5.9,11.1,119741,2,5,0
둠,302,2005,12,4,0,1,액션,미국,0,1.0,4.0,21321,1,10,0
애인,303,2005,12,3,0,1,멜로/로맨스,한국,1,-2.3,0.8,69282,2,7,0
프라임 러브,304,2005,12,3,0,1,코미디,미국,0,-2.3,0.8,139553,3,4,0
킹콩,305,2005,12,2,0,1,드라마,미국,0,-5.8,-2.0,669955,7,2,1
태풍,306,2005,12,2,0,1,드라마,한국,1,-5.8,-2.0,1365184,5,1,1
"우리, 사랑해도 되나요?",307,2005,12,3,0,1,멜로/로맨스,미국,0,-4.5,-0.4,39464,2,7,0
작업의 정석,308,2005,12,2,0,1,코미디,한국,1,-6.2,-1.7,26399,6,3,1
파랑주의보,309,2005,12,3,0,1,드라마,한국,1,-6.6,-3.2,180101,2,5,0
왕의 남자,310,2005,12,3,0,1,드라마,한국,1,-2.9,1.2,1007507,13,1,1
"나니아 연대기-사자,마녀 그리고 옷장",311,2005,12,3,0,1,가족,미국,0,-2.9,1.2,870055,5,2,1
청연,312,2005,12,3,0,1,드라마,한국,1,-2.9,1.2,290478,3,6,0
싸움의 기술,313,2006,1,3,0,1,코미디,한국,1,-7.1,-2.5,495457,3,3,1
퍼햅스 러브,314,2006,1,3,0,1,뮤지컬,홍콩,0,-7.1,-2.5,57432,2,9,0
야수,315,2006,1,3,0,1,액션,한국,1,1.4,4.5,494114,4,2,0
당신이 그녀라면,316,2006,1,3,0,1,코미디,미국,0,1.4,4.5,28535,2,9,0
홀리데이,317,2006,1,3,0,1,드라마,한국,1,2.4,6.9,254664,4,3,1
투사부일체,318,2006,1,3,0,1,코미디,한국,1,2.4,6.9,1388475,5,1,1
투 브라더스,319,2006,1,4,0,1,드라마,프랑스,0,2.6,6.5,74060,3,8,0
사랑을 놓치다,320,2006,1,3,0,1,멜로/로맨스,한국,1,0.2,3.9,156998,3,5,0
무극,321,2006,1,3,0,1,멜로/로맨스,중국,0,0.2,3.9,302202,2,4,0
치킨리틀,322,2006,1,3,0,1,애니메이션,미국,0,0.2,3.9,146755,2,6,0
게이샤의 추억,323,2006,2,3,0,0,드라마,미국,0,-2.9,1.0,328818,3,5,0
내니맥피-우리 유모는 마법사,324,2006,2,4,0,0,코미디,영국,0,-11.7,-8.6,120136,2,8,0
백만장자의 첫사랑,325,2006,2,3,0,0,멜로/로맨스,한국,1,-4.5,-1.2,256055,3,5,0
흡혈형사 나도열,326,2006,2,3,0,0,코미디,한국,1,-4.5,-1.2,617315,5,2,1
폭풍우 치는 밤에,327,2006,2,3,0,0,애니메이션,일본,0,-4.5,-1.2,57960,4,10,0
뮌헨,328,2006,2,4,0,0,스릴러,미국,0,1.4,4.0,306812,3,4,0
쏘우 2,329,2006,2,3,0,0,공포(호러),미국,0,1.7,6.9,161341,4,6,0
구세주,330,2006,2,3,0,0,코미디,한국,1,1.7,6.9,466401,5,2,1
파이어월,331,2006,2,4,0,0,액션,미국,0,-4.5,-1.3,82174,1,9,0
음란서생,332,2006,2,3,0,0,사극,한국,1,1.1,6.1,756459,5,1,1
손님은 왕이다,333,2006,2,3,0,0,드라마,한국,1,1.1,6.1,80271,2,8,0
언더월드2 - 에볼루션,334,2006,2,3,0,0,액션,미국,0,1.1,6.1,173085,4,4,0
웨딩 크래셔,335,2006,3,2,0,0,코미디,미국,0,0.0,2.5,146546,2,5,0
브로크백 마운틴,336,2006,3,2,0,0,드라마,미국,0,0.0,2.5,78645,2,7,0
데이지,337,2006,3,3,0,0,멜로/로맨스,한국,1,10.7,15.6,518913,3,1,0
앙코르,338,2006,3,3,0,0,드라마,미국,0,10.7,15.6,93780,2,6,0
여교수의 은밀한 매력,339,2006,3,3,0,0,코미디,한국,1,4.1,6.9,346054,3,1,0
방과후 옥상,340,2006,3,3,0,0,코미디,한국,1,4.1,6.9,281233,4,2,0
로망스,341,2006,3,3,0,0,멜로/로맨스,한국,1,4.1,6.9,190081,2,5,0
브이 포 벤데타,342,2006,3,3,0,0,액션,미국,0,4.1,6.9,188169,3,6,0
무인 곽원갑,343,2006,3,3,0,0,액션,중국,0,6.3,10.8,166173,2,5,0
청춘만화,344,2006,3,3,0,0,코미디,한국,1,6.3,10.8,662417,4,1,1
오만과 편견,345,2006,3,4,0,0,멜로/로맨스,미국,0,6.2,12.0,174002,8,2,0
카리스마 탈출기,346,2006,3,3,0,0,코미디,한국,1,4.4,9.3,63227,1,8,0
원초적 본능 2,347,2006,3,3,0,0,스릴러,미국,0,4.4,9.3,188198,2,4,0
뻔뻔한 딕&제인,348,2006,3,3,0,0,코미디,미국,0,4.4,9.3,216315,3,3,0
시리아나,349,2006,3,3,0,0,스릴러,미국,0,4.4,9.3,55761,1,9,0
빨간모자의 진실,350,2006,4,3,0,0,애니메이션,미국,0,9.7,13.0,304587,6,2,0
"달콤, 살벌한 연인",351,2006,4,3,0,0,스릴러,한국,1,9.7,13.0,495165,6,1,1
크래쉬,352,2006,4,3,0,0,드라마,미국,0,9.7,13.0,70335,2,7,0
에디슨 시티,353,2006,4,3,0,0,액션,미국,0,9.7,13.0,62089,1,8,0
달콤한 백수와 사랑만들기,354,2006,4,4,0,0,멜로/로맨스,미국,0,10.2,13.3,43260,1,10,0
엑소시즘 오브 에밀리 로즈,355,2006,4,3,0,0,공포(호러),미국,0,9.7,12.0,87846,2,5,0
연리지,356,2006,4,3,0,0,멜로/로맨스,한국,1,9.7,12.0,78941,1,7,0
드리머,357,2006,4,3,0,0,드라마,미국,0,9.7,12.0,134147,2,3,0
매치 포인트,358,2006,4,3,0,0,멜로/로맨스,영국,0,9.7,12.0,64552,1,8,0
마이 캡틴 김대출,359,2006,4,3,0,0,코미디,한국,1,7.3,9.3,84537,1,8,0
식스틴블럭,360,2006,4,3,0,0,액션,미국,0,7.3,9.3,150533,2,4,0
아이스 에이지 2,361,2006,4,3,0,0,애니메이션,미국,0,7.3,9.3,112050,3,6,0
인사이드 맨,362,2006,4,4,0,0,드라마,미국,0,10.6,16.7,155556,2,3,0
맨발의 기봉이,363,2006,4,2,0,0,드라마,한국,1,12.0,16.7,490665,5,2,1
도마뱀,364,2006,4,3,0,0,멜로/로맨스,한국,1,12.3,18.7,210315,3,4,0
사생결단,365,2006,4,3,0,0,액션,한국,1,12.3,18.7,642160,5,1,1
미션 임파서블 3,366,2006,5,2,0,0,액션,미국,0,15.7,21.2,1445146,8,1,1
국경의 남쪽,367,2006,5,3,0,0,드라마,한국,1,17.7,24.7,144056,3,6,0
개구리중사 케로로,368,2006,5,3,0,0,애니메이션,일본,0,17.7,24.7,47803,1,10,0
공필두,369,2006,5,3,0,0,코미디,한국,1,18.9,24.2,109462,2,5,0
파이널 데스티네이션,370,2006,5,3,0,0,공포(호러),미국,0,18.9,24.2,180882,3,4,0
안소니 짐머,371,2006,5,3,0,0,스릴러,프랑스,0,18.9,24.2,18536,1,10,0
다빈치 코드,372,2006,5,3,0,0,미스터리,미국,0,20.2,24.8,1250605,5,1,1
가족의 탄생,373,2006,5,3,0,0,드라마,한국,1,20.2,24.8,111173,3,6,0
호로비츠를 위하여,374,2006,5,3,0,0,드라마,한국,1,18.8,21.3,190679,3,4,0
"생, 날선생",375,2006,5,3,0,0,코미디,한국,1,18.8,21.3,154526,2,5,0
행운을 돌려줘!,376,2006,5,3,0,0,멜로/로맨스,미국,0,18.8,21.3,23989,1,10,0
짝패,377,2006,5,3,0,0,액션,한국,1,18.8,21.3,380398,4,3,1
구타유발자들,378,2006,5,2,0,0,코미디,한국,1,21.3,26.7,91592,2,8,0
포세이돈,379,2006,5,2,0,0,액션,미국,0,21.3,26.7,952588,5,1,1
헷지,380,2006,5,2,0,0,애니메이션,미국,0,21.3,26.7,346143,4,2,0
모노폴리,381,2006,6,3,0,0,범죄,한국,1,22.7,28.1,174470,3,6,0
오멘,382,2006,6,1,0,0,공포(호러),미국,0,21.9,27.3,208648,2,6,0
환생,383,2006,6,3,0,0,공포(호러),일본,0,20.1,24.0,167746,3,4,0
엑스맨 : 최후의 전쟁,384,2006,6,3,0,0,SF,미국,0,18.5,22.7,806496,5,1,1
비열한 거리,385,2006,6,3,0,0,액션,한국,1,18.5,22.7,515935,5,1,1
강적,386,2006,6,3,0,0,액션,한국,1,22.6,28.8,171138,3,3,0
이온 플럭스,387,2006,6,3,0,0,액션,미국,0,22.6,28.8,45256,1,8,0
럭키 넘버 슬레븐,388,2006,6,3,0,0,스릴러,미국,0,22.6,28.8,131160,4,5,0
착신아리 파이널,389,2006,6,3,0,0,공포(호러),일본,0,22.6,28.8,151218,2,5,0
아치와 씨팍,390,2006,6,2,0,0,애니메이션,한국,1,23.7,27.7,71504,2,8,0
하프 라이트,391,2006,6,2,0,0,스릴러,미국,0,23.7,27.7,35310,1,10,0
수퍼맨 리턴즈,392,2006,6,2,0,0,SF,미국,0,23.7,27.7,814768,4,1,1
아랑,393,2006,6,2,0,0,공포(호러),한국,1,23.7,27.7,342322,4,3,0
캐리비안의 해적 : 망자의 함,394,2006,7,3,1,0,액션,미국,0,21.1,23.5,1227642,6,1,1
아파트,395,2006,7,3,1,0,공포(호러),한국,1,21.1,23.5,258230,3,4,0
파이스토리,396,2006,7,3,1,0,애니메이션,한국,1,21.1,23.5,100282,3,6,0
한반도,397,2006,7,3,1,0,드라마,한국,1,25.2,27.2,1077280,5,1,1
얼음왕국 : 북극의 여름이야기(다큐),398,2006,7,3,1,0,다큐멘터리,프랑스,0,25.2,27.2,26674,1,8,0
카,399,2006,7,3,1,0,애니메이션,미국,0,21.7,24.7,198209,4,3,0
패스트 앤 퓨리어스 도쿄 드리프트,400,2006,7,3,1,0,액션,미국,0,21.7,24.7,104966,2,6,0
울트라바이올렛,401,2006,7,3,1,0,액션,미국,0,21.7,24.7,64879,2,8,0
포켓몬 레인저와 바다의 왕자 마나피,402,2006,7,3,1,0,애니메이션,일본,0,21.7,24.7,53053,4,8,0
2월 29일 - 어느날 갑자기 첫번째 이야기,403,2006,7,4,1,0,공포(호러),한국,1,22.1,26.7,21247,1,10,0
괴물,404,2006,7,3,1,0,SF,한국,1,20.9,22.0,2256700,9,1,1
가필드 2,405,2006,7,3,1,0,애니메이션,미국,0,20.9,22.0,64945,2,6,0
유실물,406,2006,7,3,1,0,공포(호러),일본,0,20.9,22.0,124198,2,5,0
네번째 층 - 어느날 갑자기 두번째 이야기,407,2006,7,3,1,0,공포(호러),한국,1,20.9,22.0,13098,1,10,0
플라이 대디,408,2006,8,3,1,0,드라마,한국,1,28.6,33.2,241090,2,4,0
스승의 은혜,409,2006,8,3,1,0,공포(호러),한국,1,28.6,33.2,243697,3,3,0
몬스터 하우스,410,2006,8,3,1,0,공포(호러),미국,0,28.6,33.2,343552,3,2,1
게드전기 : 어스시의 전설,411,2006,8,3,1,0,애니메이션,일본,0,28.6,33.2,105696,2,7,0
각설탕,412,2006,8,3,1,0,드라마,한국,1,28.6,33.2,294345,5,2,1
다세포소녀,413,2006,8,3,1,0,코미디,한국,1,28.6,33.2,298895,2,3,0
마이애미 바이스,414,2006,8,3,1,0,액션,미국,0,26.6,30.8,234897,2,5,0
"사랑하니까, 괜찮아",415,2006,8,3,1,0,멜로/로맨스,한국,1,26.6,30.8,144955,1,7,0
겁나는 여친의 완벽한 비밀,416,2006,8,3,1,0,코미디,미국,0,26.6,30.8,112653,2,8,0
신데렐라,417,2006,8,3,1,0,공포(호러),한국,1,26.6,30.8,309726,2,4,0
예의없는 것들,418,2006,8,3,1,0,액션,한국,1,27.0,30.7,323531,4,2,0
아이스케키,419,2006,8,3,1,0,드라마,한국,1,27.0,30.7,235344,2,4,0
13구역,420,2006,8,3,1,0,액션,프랑스,0,27.0,30.7,100004,2,9,0
원탁의 천사,421,2006,8,3,1,0,코미디,한국,1,27.0,30.7,211808,2,5,0
레이크 하우스,422,2006,8,3,1,0,멜로/로맨스,미국,0,25.2,29.5,80902,2,10,0
천하장사 마돈나,423,2006,8,3,1,0,드라마,한국,1,25.2,29.5,200905,4,4,0
일본침몰,424,2006,8,3,1,0,드라마,일본,0,25.2,29.5,396446,4,1,0
해변의 여인,425,2006,8,3,1,0,드라마,한국,1,25.2,29.5,101184,2,8,0
뚝방전설,426,2006,9,3,0,0,액션,한국,1,22.0,28.1,200502,3,5,0
센티넬,427,2006,9,3,0,0,범죄,미국,0,22.0,28.1,78344,2,7,0
"연애, 그 참을 수 없는 가벼움",428,2006,9,3,0,0,멜로/로맨스,한국,1,22.0,28.1,256107,3,2,0
플라이트93,429,2006,9,4,0,0,범죄,미국,0,22.0,25.7,22551,1,10,0
"두뇌유희프로젝트, 퍼즐",430,2006,9,3,0,0,범죄,한국,1,21.5,27.0,154418,2,3,0
우리들의 행복한 시간,431,2006,9,3,0,0,드라마,한국,1,21.5,27.0,830636,7,1,1
가문의 부활 - 가문의 영광3,432,2006,9,3,0,0,코미디,한국,1,23.5,28.6,869284,5,1,1
야연,433,2006,9,3,0,0,사극,중국,0,23.5,28.6,191448,4,3,0
무도리,434,2006,9,3,0,0,드라마,한국,1,23.5,28.6,43951,2,6,0
앤트 불리,435,2006,9,3,0,0,애니메이션,미국,0,20.5,23.1,34454,3,6,0
BB프로젝트,436,2006,9,3,0,0,액션,홍콩,0,20.5,23.1,64002,3,5,0
구미호 가족,437,2006,9,3,0,0,코미디,한국,1,20.5,23.1,47236,2,8,0
타짜,438,2006,9,3,0,0,드라마,한국,1,20.5,23.1,992658,7,1,1
라디오 스타,439,2006,9,3,0,0,드라마,한국,1,20.5,23.1,181248,6,2,1
잘 살아보세,440,2006,9,3,0,0,코미디,한국,1,20.5,23.1,74837,3,6,0
레이디 인 더 워터,441,2006,10,4,0,0,판타지,미국,0,17.9,24.2,69170,2,6,0
월드 트레이드 센터,442,2006,10,6,0,0,드라마,미국,0,18.9,24.1,8325,4,4,0
폭력써클,443,2006,10,3,0,0,액션,한국,1,19.5,21.8,18015,1,10,0
DOA,444,2006,10,3,0,0,액션,독일,0,19.5,21.8,89838,2,5,0
거룩한 계보,445,2006,10,3,0,0,드라마,한국,1,19.5,21.8,525385,4,1,1
악마는 프라다를 입는다,446,2006,10,2,0,0,드라마,미국,0,13.5,17.2,35119,7,1,1
마음이...,447,2006,10,3,0,0,드라마,한국,1,15.0,18.8,283941,4,4,0
가을로,448,2006,10,3,0,0,멜로/로맨스,한국,1,15.0,18.8,298471,2,4,0
원피스 - 기계태엽성의 메카거병,449,2006,10,3,0,0,애니메이션,일본,0,15.0,18.8,135391,6,4,0
잔혹한 출근,450,2006,11,3,0,0,코미디,한국,1,14.5,18.3,200889,2,7,0
가디언,451,2006,11,3,0,0,액션,미국,0,14.5,18.3,76602,1,9,0
데스노트,452,2006,11,3,0,0,범죄,일본,0,14.5,18.3,234747,3,3,0
프레스티지,453,2006,11,3,0,0,스릴러,미국,0,14.5,18.3,149829,4,7,0
사일런트 힐,454,2006,11,3,0,0,공포(호러),미국,0,13.8,17.2,96784,1,10,0
열혈남아,455,2006,11,3,0,0,드라마,한국,1,13.8,17.2,214377,3,3,0
사랑 따윈 필요 없어,456,2006,11,3,0,0,멜로/로맨스,한국,1,13.8,17.2,234578,2,2,0
애정결핍이 두 남자에게 미치는 영향,457,2006,11,3,0,0,코미디,한국,1,3.4,7.0,236804,3,1,0
그루지 2,458,2006,11,3,0,0,공포(호러),미국,0,3.4,7.0,88459,1,9,0
어느 멋진 순간,459,2006,11,3,0,0,드라마,미국,0,3.4,7.0,99511,2,7,0
누가 그녀와 잤을까?,460,2006,11,3,0,0,코미디,한국,1,3.4,7.0,170040,2,4,0
플러쉬,461,2006,11,3,0,0,애니메이션,미국,0,7.9,11.3,130377,2,5,0
스텝 업,462,2006,11,3,0,0,멜로/로맨스,미국,0,7.9,11.3,111257,4,6,0
디파티드,463,2006,11,3,0,0,드라마,미국,0,7.9,11.3,237427,3,2,0
해바라기,464,2006,11,3,0,0,액션,한국,1,7.9,11.3,316456,5,1,1
그해 여름,465,2006,11,3,0,0,멜로/로맨스,한국,1,1.8,3.5,178071,2,5,0
사랑할 때 이야기하는 것들,466,2006,11,3,0,0,멜로/로맨스,한국,1,1.8,3.5,121705,2,7,0
판의 미로 - 오필리아와 세 개의 열쇠,467,2006,11,3,0,0,드라마,스페인,0,1.8,3.5,192753,4,4,0
쏘우 3,468,2006,11,3,0,0,공포(호러),미국,0,1.8,3.5,200462,3,3,0
싸이보그지만 괜찮아,469,2006,12,3,0,1,SF,한국,1,5.0,7.4,432435,2,1,0
저스트 프렌드,470,2006,12,3,0,1,코미디,미국,0,5.0,7.4,124639,2,6,0
Mr.로빈 꼬시기,471,2006,12,3,0,1,멜로/로맨스,한국,1,5.0,7.4,329955,3,2,0
로맨틱 홀리데이,472,2006,12,3,0,1,코미디,미국,0,3.3,6.1,370165,4,2,1
조용한 세상,473,2006,12,3,0,1,드라마,한국,1,3.3,6.1,127952,2,6,0
미녀는 괴로워,474,2006,12,3,0,1,멜로/로맨스,한국,1,3.3,6.1,828467,9,1,1
해피 피트,475,2006,12,3,0,1,애니메이션,미국,0,3.6,8.1,199196,2,7,0
박물관이 살아있다!,476,2006,12,3,0,1,코미디,미국,0,3.6,8.1,906985,5,1,1
007 카지노 로얄,477,2006,12,3,0,1,액션,미국,0,3.6,8.1,401872,3,4,0
중천,478,2006,12,3,0,1,액션,한국,1,3.6,8.1,715242,3,3,1
위대한 탄생,479,2006,12,3,0,1,드라마,미국,0,3.6,8.1,30317,1,9,0
올드미스다이어리,480,2006,12,3,0,1,코미디,한국,1,3.6,8.1,211664,3,4,0
조폭마누라3,481,2006,12,3,0,1,액션,한국,1,-8.4,-4.3,557118,3,3,1
부그와 엘리엇(애니),482,2007,1,3,0,1,애니메이션,미국,0,4.8,11.8,156792,2,7,0
오래된 정원,483,2007,1,3,0,1,드라마,한국,1,4.8,11.8,12022,2,9,0
언니가 간다,484,2007,1,3,0,1,코미디,한국,1,4.8,11.8,129181,1,8,0
묵공,485,2007,1,2,0,1,전쟁,중국,0,-0.4,2.9,186513,2,7,0
데스노트 : 라스트 네임,486,2007,1,2,0,1,범죄,일본,0,-0.4,2.9,329188,2,5,0
에라곤,487,2007,1,3,0,1,판타지,미국,0,-1.6,1.5,446948,3,2,0
데자뷰,488,2007,1,3,0,1,액션,미국,0,-1.6,1.5,243080,3,5,0
허브,489,2007,1,3,0,1,드라마,한국,1,-1.6,1.5,413378,3,3,1
블러드 다이아몬드,490,2007,1,3,0,1,드라마,미국,0,-1.6,1.5,149809,2,9,0
마파도2,491,2007,1,3,0,1,코미디,한국,1,1.0,4.3,646161,3,1,1
천년여우 여우비,492,2007,1,3,0,1,애니메이션,한국,1,1.0,4.6,180635,3,7,0
미스 포터,493,2007,1,3,0,1,드라마,영국,0,1.0,4.6,177111,2,9,0
황후화,494,2007,1,3,0,1,액션,홍콩,0,1.0,4.6,433043,3,3,0
최강로맨스,495,2007,1,3,0,1,멜로/로맨스,한국,1,1.0,4.6,449803,4,2,1
아포칼립토,496,2007,1,2,0,1,액션,미국,0,-3.7,-0.3,148552,2,8,0
클릭,497,2007,2,3,0,0,코미디,미국,0,-5.4,-1.5,169683,2,5,0
그놈 목소리,498,2007,2,3,0,0,드라마,한국,1,-5.4,-1.5,1301859,4,1,1
샬롯의 거미줄,499,2007,2,3,0,0,드라마,미국,0,5.6,6.5,136830,2,6,0
바람피기 좋은 날,500,2007,2,3,0,0,드라마,한국,1,5.6,6.5,640174,5,2,1
김관장 대 김관장 대 김관장,501,2007,2,3,0,0,코미디,한국,1,5.6,6.5,437325,3,3,0
록키 발보아,502,2007,2,2,0,0,드라마,미국,0,-0.1,4.0,105334,1,8,0
1번가의 기적,503,2007,2,2,0,0,드라마,한국,1,-0.1,4.0,641151,6,1,1
복면달호,504,2007,2,2,0,0,코미디,한국,1,-0.1,4.0,389575,5,2,1
비밀의 숲 테라비시아,505,2007,2,3,0,0,어드벤처,미국,0,0.0,4.4,119391,3,6,0
아버지의 깃발,506,2007,2,3,0,0,드라마,미국,0,0.0,4.4,106438,2,7,0
드림걸즈,507,2007,2,3,0,0,드라마,미국,0,7.6,13.1,229198,4,5,0
바벨,508,2007,2,3,0,0,드라마,멕시코,0,7.6,13.1,106062,2,9,0
마강호텔,509,2007,2,3,0,0,코미디,한국,1,7.6,13.1,126314,1,8,0
행복을 찾아서,510,2007,2,2,0,0,드라마,미국,0,8.1,14.8,274899,3,4,0
한니발 라이징,511,2007,2,2,0,0,스릴러,미국,0,8.1,14.8,148572,2,7,0
그 여자 작사 그 남자 작곡,512,2007,2,2,0,0,멜로/로맨스,미국,0,8.1,14.8,296136,6,1,1
좋지 아니한가,513,2007,3,3,0,0,드라마,한국,1,10.2,15.3,168917,2,6,0
일루셔니스트,514,2007,3,3,0,0,드라마,미국,0,0.7,3.9,244255,3,3,0
스모킹 에이스,515,2007,3,3,0,0,액션,미국,0,0.7,3.9,97429,2,8,0
쏜다,516,2007,3,2,0,0,코미디,한국,1,6.6,11.6,177923,2,4,0
300,517,2007,3,2,0,0,액션,미국,0,6.6,11.6,1003521,6,1,1
페인티드 베일,518,2007,3,3,0,0,멜로/로맨스,중국,0,9.1,14.5,74333,1,7,0
브레이크 업 : 이별후애(愛),519,2007,3,3,0,0,코미디,미국,0,7.9,12.6,109686,2,6,0
수,520,2007,3,3,0,0,액션,한국,1,7.9,12.6,126407,2,5,0
넘버23,521,2007,3,3,0,0,스릴러,미국,0,7.9,12.6,198947,3,3,0
향수 : 어느 살인자의 이야기,522,2007,3,3,0,0,드라마,영국,0,7.9,12.6,304328,4,2,0
빼꼼의 머그잔 여행,523,2007,3,3,0,0,드라마,한국,1,7.9,12.6,50366,2,9,0
블랙북,524,2007,3,3,0,0,드라마,네덜란드,0,5.6,10.6,77819,3,6,0
뷰티풀 선데이,525,2007,3,3,0,0,스릴러,한국,1,5.6,10.6,100141,2,5,0
이장과 군수,526,2007,3,3,0,0,코미디,한국,1,5.6,10.6,502394,4,2,1
마하 2.6: 풀스피드,527,2007,4,3,0,0,액션,프랑스,0,8.3,13.6,32724,2,9,0
우아한 세계,528,2007,4,3,0,0,액션,한국,1,8.3,13.6,397349,4,1,0
철없는 그녀의 아찔한 연애코치,529,2007,4,3,0,0,코미디,미국,0,8.3,13.6,110693,2,5,0
고스트 라이더,530,2007,4,3,0,0,액션,미국,0,11.8,15.6,196655,3,4,0
천년학,531,2007,4,3,0,0,드라마,한국,1,11.8,15.6,63405,1,8,0
극락도 살인사건,532,2007,4,3,0,0,공포(호러),한국,1,11.8,15.6,587034,7,1,1
굿셰퍼드,533,2007,4,3,0,0,미스터리,미국,0,12.7,17.5,33943,1,10,0
로빈슨 가족,534,2007,4,3,0,0,애니메이션,미국,0,12.7,17.5,46199,2,10,0
눈부신 날에,535,2007,4,3,0,0,드라마,한국,1,12.7,17.5,144973,2,4,0
동갑내기 과외하기 레슨 2,536,2007,4,3,0,0,코미디,한국,1,12.7,17.5,212102,3,2,0
리핑 10개의 재앙,537,2007,4,3,0,0,SF,미국,0,12.7,17.5,181789,5,2,0
선샤인,538,2007,4,3,0,0,SF,미국,0,12.7,17.5,57707,1,9,0
닌자거북이 TMNT,539,2007,4,2,0,0,액션,미국,0,12.9,17.7,72721,2,7,0
날아라 허동구,540,2007,4,3,0,0,가족,한국,1,14.7,21.1,173275,3,5,0
더블타겟,541,2007,4,3,0,0,액션,미국,0,14.7,21.1,188855,5,4,0
스파이더맨 3,542,2007,5,1,0,0,액션,미국,0,14.0,16.8,2388564,6,1,1
아들,543,2007,5,1,0,0,드라마,한국,1,14.0,16.8,240197,3,3,0
쉬즈 더 맨,544,2007,5,3,0,0,코미디,미국,0,15.3,19.5,34374,5,8,0
용호문,545,2007,5,3,0,0,액션,홍콩,0,15.7,22.8,49695,1,7,0
내일의 기억,546,2007,5,3,0,0,드라마,일본,0,15.7,22.8,43636,2,8,0
못말리는 결혼,547,2007,5,3,0,0,코미디,한국,1,15.7,22.8,349840,6,2,1
넥스트,548,2007,5,3,0,0,SF,미국,0,18.3,24.0,255351,3,3,0
눈물이 주룩주룩,549,2007,5,3,0,0,드라마,일본,0,18.3,24.0,88821,2,5,0
전설의 고향,550,2007,5,2,0,0,공포(호러),한국,1,20.7,25.6,210218,3,3,0
캐리비안의 해적: 세상의 끝에서,551,2007,5,2,0,0,액션,미국,0,20.7,25.6,2455491,7,1,1
밀양,552,2007,5,2,0,0,드라마,한국,1,20.7,25.6,318894,8,2,1
상성: 상처받은 도시,553,2007,5,3,0,0,액션,홍콩,0,22.2,27.2,54546,2,7,0
팩토리 걸 ,554,2007,5,3,0,0,드라마,미국,0,22.2,27.2,6485,1,10,0
데스워터,555,2007,5,3,0,0,공포(호러),일본,0,22.2,27.2,40826,2,8,0
메신져 - 죽은자들의 경고,556,2007,6,2,0,0,공포(호러),미국,0,20.1,24.8,149583,2,5,0
슈렉3,557,2007,6,2,0,0,애니메이션,미국,0,20.1,24.8,1628327,6,1,1
황진이,558,2007,6,2,0,0,드라마,한국,1,20.1,24.8,675943,5,2,1
오션스 써틴,559,2007,6,3,0,0,범죄,미국,0,23.4,28.5,484639,5,1,1
황색 눈물,560,2007,6,3,0,0,드라마,일본,0,23.4,28.5,15588,1,8,0
러브 & 트러블,561,2007,6,3,0,0,멜로/로맨스,프랑스,0,23.4,28.5,110597,3,6,0
시간을 달리는 소녀,562,2007,6,3,0,0,애니메이션,일본,0,23.4,28.5,12316,1,9,0
4.4.4,563,2007,6,2,0,0,범죄,미국,0,24.2,28.6,126551,3,5,0
뜨거운녀석들,564,2007,6,3,0,0,코미디,영국,0,21.0,23.2,53918,1,9,0
검은 집,565,2007,6,3,0,0,스릴러,한국,1,21.0,23.2,473123,5,2,1
두 번째 사랑,566,2007,6,3,0,0,드라마,한국,1,21.0,23.2,45291,2,10,0
트랜스포머,567,2007,6,3,0,0,SF,미국,0,24.6,27.2,1896391,7,1,1
일본인디필름 페스티벌 리턴즈,568,2007,6,3,0,0,기타,일본,0,24.6,27.2,7826,1,10,0
택시 4,569,2007,7,3,1,0,액션,프랑스,0,22.6,25.1,102781,2,5,0
디센트,570,2007,7,3,1,0,공포(호러),영국,0,22.6,25.1,128551,3,4,0
해리 포터와 불사조 기사단,571,2007,7,2,1,0,판타지,미국,0,18.9,21.1,1863114,4,1,1
해부학 교실,572,2007,7,2,1,0,공포(호러),한국,1,18.9,21.1,335740,3,3,0
다이 하드 4 : 죽어도 산다,573,2007,7,1,1,0,액션,미국,0,22.4,27.7,8371,5,1,1
샴,574,2007,7,1,1,0,공포(호러),태국,0,22.4,27.7,330060,2,4,0
파워레인저매직포스&트레저포스,575,2007,7,1,1,0,액션,일본,0,22.4,27.7,65839,1,6,0
"뉴욕에서 온 남자, 파리에서 온 여자",576,2007,7,3,1,0,멜로/로맨스,프랑스,0,24.1,26.8,13705,1,8,0
화려한 휴가,577,2007,7,2,1,0,드라마,한국,1,24.7,26.7,1381272,9,1,1
므이,578,2007,7,2,1,0,공포(호러),한국,1,24.7,26.7,118469,2,8,0
에반 올마이티,579,2007,7,2,1,0,코미디,미국,0,24.7,26.7,133122,2,7,0
라따뚜이,580,2007,7,2,1,0,애니메이션,미국,0,24.7,26.7,283133,3,4,0
꽃미남 연쇄 테러 사건,581,2007,7,3,1,0,코미디,한국,1,26.7,31.2,62711,1,9,0
기담,582,2007,8,2,1,0,공포(호러),한국,1,27.2,30.1,282069,2,5,0
디워,583,2007,8,2,1,0,액션,한국,1,27.2,30.1,2759336,7,1,1
1408,584,2007,8,2,1,0,공포(호러),미국,0,27.2,30.1,168834,2,8,0
사랑방 선수와 어머니,585,2007,8,2,1,0,코미디,한국,1,25.3,27.7,310953,2,5,0
판타스틱 4: 실버 서퍼의 위협,586,2007,8,2,1,0,SF,미국,0,25.3,27.7,398777,2,3,0
리턴,587,2007,8,2,1,0,미스터리,한국,1,25.3,27.7,333421,3,4,0
서핑 업,588,2007,8,3,1,0,애니메이션,미국,0,26.1,29.2,133534,2,8,0
미스터 빈의 홀리데이,589,2007,8,2,1,0,코미디,영국,0,26.4,29.5,98447,1,10,0
만남의 광장,590,2007,8,2,1,0,코미디,한국,1,26.4,29.5,653750,3,3,1
조디악,591,2007,8,2,1,0,범죄,미국,0,26.4,29.5,117103,1,8,0
스타더스트,592,2007,8,2,1,0,판타지,미국,0,26.4,29.5,339657,4,5,0
지금 사랑하는 사람과 살고 있습니까?,593,2007,8,2,1,0,드라마,한국,1,26.4,29.5,467739,4,4,1
"심슨가족, 더무비",594,2007,8,2,1,0,애니메이션,미국,0,27.5,31.8,138522,1,8,0
두 사람이다,595,2007,8,2,1,0,공포(호러),한국,1,27.5,31.8,152597,1,7,0
죽어도 해피엔딩,596,2007,8,2,1,0,코미디,한국,1,27.5,31.8,111817,1,9,0
내 생애 최악의 남자,597,2007,8,3,1,0,드라마,한국,1,23.2,25.6,250278,3,3,0
디스터비아,598,2007,8,3,1,0,스릴러,미국,0,23.2,25.6,258832,3,2,0
라파예트,599,2007,8,3,1,0,전쟁,미국,0,23.2,25.6,81875,1,10,0
사랑의 레시피,600,2007,8,3,1,0,멜로/로맨스,미국,0,23.2,25.6,159569,3,5,0
데쓰 프루프,601,2007,9,3,0,0,액션,미국,0,17.8,20.0,64136,1,9,0
마이 파더,602,2007,9,3,0,0,드라마,한국,1,17.8,20.0,342479,4,1,0
브라보 마이 라이프,603,2007,9,3,0,0,드라마,한국,1,17.8,20.0,57754,1,10,0
어머니는 죽지 않는다,604,2007,9,2,0,0,가족,한국,1,24.0,28.6,87854,2,6,0
권순분여사 납치사건,605,2007,9,2,0,0,코미디,한국,1,24.0,28.6,377153,4,2,1
본 얼티메이텀,606,2007,9,2,0,0,액션,미국,0,24.0,28.6,485969,5,1,1
두 얼굴의 여친,607,2007,9,3,0,0,멜로/로맨스,한국,1,24.2,27.8,295199,3,3,0
즐거운 인생,608,2007,9,3,0,0,드라마,한국,1,24.2,27.8,228877,5,5,1
상사부일체,609,2007,9,2,0,0,코미디,한국,1,22.4,26.7,265368,3,4,0
사랑,610,2007,9,2,0,0,멜로/로맨스,한국,1,22.4,26.7,509354,5,1,1
인베이젼,611,2007,9,3,0,0,SF,미국,0,25.6,31.1,173257,3,6,0
원스,612,2007,9,3,0,0,드라마,아일랜드,0,25.6,31.1,25242,2,8,0
러시 아워 3,613,2007,10,2,0,0,범죄,미국,0,18.3,19.3,343080,4,2,0
행복,614,2007,10,2,0,0,드라마,한국,1,18.3,19.3,579496,4,1,1
아드레날린24,615,2007,10,2,0,0,액션,미국,0,18.3,19.3,67457,1,9,0
카핑 베토벤,616,2007,10,2,0,0,드라마,독일,0,18.3,19.3,96606,4,6,0
내니 다이어리,617,2007,10,2,0,0,코미디,미국,0,18.3,19.3,235673,3,4,0
브레이브 원,618,2007,10,3,0,0,드라마,미국,0,16.1,20.0,92896,1,7,0
비커밍 제인,619,2007,10,3,0,0,드라마,미국,0,16.1,20.0,103745,2,5,0
거침없이 쏴라! 슛뎀업 ,620,2007,10,3,0,0,액션,미국,0,16.1,20.0,65658,1,10,0
어깨 너머의 연인,621,2007,10,3,0,0,드라마,한국,1,14.4,20.2,131905,3,5,0
바르게 살자,622,2007,10,3,0,0,코미디,한국,1,14.4,20.2,525755,6,1,1
궁녀,623,2007,10,3,0,0,미스터리,한국,1,14.4,20.2,510810,4,2,1
레지던트 이블 3 - 인류의 멸망,624,2007,10,3,0,0,액션,프랑스,0,14.4,20.2,217926,3,3,0
엠,625,2007,10,3,0,0,미스터리,한국,1,15.7,20.6,284845,2,3,0
펀치레이디,626,2007,10,3,0,0,드라마,한국,1,15.7,20.6,25489,1,10,0
오다기리 죠의 도쿄타워,627,2007,10,3,0,0,드라마,일본,0,15.7,20.6,30453,1,9,0
식객,628,2007,11,3,0,0,드라마,한국,1,8.4,13.1,534450,7,1,1
블랙 달리아,629,2007,11,3,0,0,드라마,독일,0,8.4,13.1,78002,2,8,0
킹덤,630,2007,11,3,0,0,액션,미국,0,8.4,13.1,129282,3,5,0
히어로,631,2007,11,3,0,0,드라마,일본,0,8.4,13.1,132855,2,4,0
더 버터플라이,632,2007,11,3,0,0,스릴러,영국,0,12.6,19.3,116721,2,4,0
로스트 라이온즈,633,2007,11,3,0,0,드라마,미국,0,12.6,19.3,102987,2,5,0
"색, 계",634,2007,11,3,0,0,멜로/로맨스,미국,0,12.6,19.3,277716,6,3,1
마을금고 연쇄습격사건,635,2007,11,2,0,0,코미디,한국,1,10.9,14.3,76604,2,7,0
세븐 데이즈,636,2007,11,2,0,0,스릴러,한국,1,10.9,14.3,30573,7,1,1
스카우트,637,2007,11,2,0,0,드라마,한국,1,10.9,14.3,169061,2,5,0
베오울프,638,2007,11,2,0,0,애니메이션,미국,0,10.9,14.3,515744,3,2,0
라 비 앙 로즈,639,2007,11,2,0,0,드라마,프랑스,0,1.4,5.4,60010,1,8,0
쏘우 4,640,2007,11,2,0,0,공포(호러),미국,0,1.4,5.4,178599,2,5,0
골든 에이지,641,2007,11,3,0,0,드라마,영국,0,3.2,7.6,115947,1,6,0
마녀배달부 키키,642,2007,11,3,0,0,애니메이션,일본,0,3.2,7.6,30379,3,5,0
히트맨,643,2007,11,3,0,0,액션,미국,0,6.1,13.6,88006,2,8,0
마이클 클레이튼,644,2007,11,3,0,0,스릴러,미국,0,6.1,13.6,68471,2,10,0
열한번째 엄마,645,2007,11,3,0,0,드라마,한국,1,6.1,13.6,153643,3,6,0
어거스트 러쉬,646,2007,11,3,0,0,드라마,미국,0,6.1,13.6,362725,6,1,1
우리 동네,647,2007,11,3,0,0,스릴러,한국,1,6.1,13.6,188052,3,5,0
헤어스프레이,648,2007,12,3,0,1,드라마,미국,0,0.9,3.2,174537,2,5,0
데스 센텐스 ,649,2007,12,3,0,1,액션,미국,0,0.9,3.2,59123,1,9,0
나는 전설이다,650,2007,12,2,0,1,SF,미국,0,4.2,7.0,995952,4,1,1
싸움,651,2007,12,2,0,1,멜로/로맨스,한국,1,4.2,7.0,237126,2,4,0
색즉시공 시즌2,652,2007,12,2,0,1,코미디,한국,1,4.2,7.0,640665,5,2,1
황금 나침반,653,2007,12,1,0,1,판타지,미국,0,0.7,4.4,1141132,4,1,1
내 사랑,654,2007,12,1,0,1,멜로/로맨스,한국,1,0.7,4.4,327191,3,5,0
용의주도 미스신,655,2007,12,1,0,1,멜로/로맨스,한국,1,0.7,4.4,266538,2,7,0
내셔널 트레져:비밀의 책,656,2007,12,2,0,1,액션,미국,0,1.0,5.0,483670,4,2,1
앨빈과 슈퍼밴드,657,2007,12,2,0,1,코미디,미국,0,1.0,5.0,211101,2,8,0
마고리엄의 장난감 백화점,658,2007,12,0,0,1,가족,미국,0,3.0,8.3,446092,1,5,0
아메리칸 갱스터,659,2007,12,3,0,1,범죄,미국,0,6.4,9.1,166035,2,8,0
기다리다 미쳐,660,2008,1,1,0,1,멜로/로맨스,한국,1,-6.3,-3.2,319231,2,4,0
꿀벌대소동,661,2008,1,3,0,1,가족,미국,0,0.9,6.6,384704,4,3,1
P.S. 아이 러브 유,662,2008,1,3,0,1,멜로/로맨스,미국,0,0.9,6.6,210464,2,6,0
우리 생애 최고의 순간,663,2008,1,3,0,1,드라마,한국,1,0.1,4.3,738828,6,1,1
마법에 걸린 사랑,664,2008,1,3,0,1,멜로/로맨스,미국,0,0.1,4.3,180536,3,5,0
미스트,665,2008,1,3,0,1,SF,미국,0,0.1,4.3,242641,3,4,0
무방비도시,666,2008,1,3,0,1,범죄,한국,1,0.1,4.3,539633,4,2,1
써티 데이즈 오브 나이트,667,2008,1,3,0,1,공포(호러),미국,0,0.1,4.3,30650,1,10,0
말할 수 없는 비밀,668,2008,1,3,0,1,멜로/로맨스,대만,0,0.1,4.3,20200,1,10,0
뜨거운 것이 좋아,669,2008,1,3,0,1,드라마,한국,1,-7.2,-3.9,264791,2,4,0
어린 왕자,670,2008,1,3,0,1,드라마,한국,1,-7.2,-3.9,46845,1,9,0
스위니 토드 : 어느 잔혹한 이발사 이야기,671,2008,1,3,0,1,뮤지컬,미국,0,-7.2,-3.9,322467,3,3,0
에이리언 VS 프레데터2 ,672,2008,1,3,0,1,SF,미국,0,-7.2,-3.9,165662,2,7,0
클로버필드,673,2008,1,3,0,1,SF,미국,0,-7.5,-3.7,357681,2,3,0
엘라의 모험 : 해피엔딩의 위기,674,2008,1,3,0,1,애니메이션,독일,0,-7.5,-3.7,136625,3,6,0
더 게임,675,2008,1,2,0,1,스릴러,한국,1,-2.2,0.0,431821,4,2,1
명장,676,2008,1,2,0,1,액션,중국,0,-2.2,0.0,142509,2,6,0
슈퍼맨이었던 사나이,677,2008,1,3,0,1,드라마,한국,1,-4.2,-0.5,253018,2,4,0
원스어폰어타임,678,2008,1,3,0,1,액션,한국,1,-4.2,-0.5,333499,4,1,1
라듸오 데이즈,679,2008,1,3,0,1,코미디,한국,1,-4.2,-0.5,101155,2,8,0
6년째 연애중,680,2008,2,1,0,0,멜로/로맨스,한국,1,-3.4,0.7,727279,3,3,1
마지막 선물,681,2008,2,1,0,0,드라마,한국,1,-3.4,0.7,222249,2,6,0
찰리윌슨의 전쟁,682,2008,2,2,0,0,코미디,미국,0,-3.2,1.3,133846,1,8,0
"대한이, 민국씨",683,2008,2,3,0,0,코미디,한국,1,-2.1,2.7,78834,3,9,0
오퍼나지: 비밀의계단,684,2008,2,3,0,0,드라마,스페인,0,-2.1,2.7,89932,2,8,0
스파이더위크가의 비밀,685,2008,2,3,0,0,어드벤처,미국,0,-2.1,2.7,194366,4,3,0
추격자,686,2008,2,3,0,0,범죄,한국,1,-2.1,2.7,660006,12,1,1
점퍼,687,2008,2,3,0,0,SF,미국,0,-2.1,2.7,717385,4,1,1
데스노트 L: 새로운 시작,688,2008,2,3,0,0,스릴러,일본,0,4.4,9.6,209099,2,4,0
어톤먼트,689,2008,2,3,0,0,멜로/로맨스,미국,0,4.4,9.6,100680,2,6,0
바보,690,2008,2,3,0,0,드라마,한국,1,3.1,8.4,398203,4,3,0
밴티지 포인트,691,2008,2,3,0,0,스릴러,미국,0,3.1,8.4,417570,5,2,1
람보 4 : 라스트 블러드,692,2008,2,3,0,0,액션,미국,0,3.1,8.4,64471,2,8,0
사랑보다 황금,693,2008,2,3,0,0,멜로/로맨스,미국,0,3.1,8.4,42852,1,10,0
집결호,694,2008,3,3,0,0,액션,중국,0,4.3,7.8,52324,2,8,0
27번의 결혼리허설,695,2008,3,3,0,0,멜로/로맨스,미국,0,4.3,7.8,138979,2,5,0
마이 뉴 파트너,696,2008,3,3,0,0,액션,한국,1,4.3,7.8,147946,3,4,0
마이 블루베리 나이츠,697,2008,3,3,0,0,멜로/로맨스,홍콩,0,4.3,7.8,82962,2,6,0
허밍,698,2008,3,3,0,0,멜로/로맨스,한국,1,9.9,12.0,59463,2,8,0
"10,000 BC",699,2008,3,3,0,0,어드벤처,미국,0,9.9,12.0,550371,4,1,1
스텝업 2 : 더 스트리트,700,2008,3,3,0,0,멜로/로맨스,미국,0,9.9,12.0,347559,4,3,1
워터호스,701,2008,3,3,0,0,어드벤처,미국,0,11.6,17.9,46501,2,8,0
숙명,702,2008,3,3,0,0,드라마,한국,1,11.6,17.9,435174,3,1,0
천일의 스캔들,703,2008,3,3,0,0,사극,미국,0,11.6,17.9,176944,4,4,0
데스 디파잉:어느 마술사의 사랑,704,2008,3,3,0,0,드라마,영국,0,7.1,9.6,83471,1,8,0
어웨이크,705,2008,3,3,0,0,스릴러,미국,0,7.1,9.6,240006,2,3,0
댄 인 러브,706,2008,3,3,0,0,코미디,미국,0,7.1,9.6,92914,2,7,0
GP 506,707,2008,4,3,0,0,공포(호러),한국,1,8.7,13.2,383667,4,1,0
삼국지:용의 부활,708,2008,4,3,0,0,사극,중국,0,8.7,13.2,360984,4,2,1
도레미파솔라시도,709,2008,4,3,0,0,드라마,한국,1,8.7,13.2,88155,2,7,0
나의 특별한 사랑이야기,710,2008,4,2,0,0,코미디,미국,0,13.2,16.7,95660,3,5,0
테이큰,711,2008,4,2,0,0,범죄,프랑스,0,13.2,16.7,413381,8,1,1
연의 황후,712,2008,4,2,0,0,사극,홍콩,0,13.2,16.7,116713,2,4,0
버킷 리스트:죽기전에 꼭 하고싶은것들,713,2008,4,2,0,0,코미디,미국,0,13.2,16.7,70377,4,6,0
내가 숨쉬는 공기,714,2008,4,2,0,0,범죄,미국,0,13.2,16.7,70375,1,10,0
스트리트 킹,715,2008,4,3,0,0,범죄,미국,0,18.6,24.6,142388,3,3,0
킬위드미,716,2008,4,3,0,0,범죄,미국,0,18.6,24.6,99425,2,4,0
패솔로지,717,2008,4,3,0,0,공포(호러),미국,0,18.6,24.6,35393,2,9,0
포비든 킹덤: 전설의 마스터를 찾아서,718,2008,4,3,0,0,액션,미국,0,9.6,14.3,543502,4,1,1
호튼,719,2008,4,2,0,0,애니메이션,미국,0,18.2,23.7,215228,4,3,0
비스티 보이즈,720,2008,4,2,0,0,드라마,한국,1,18.2,23.7,377056,4,2,0
아이언맨,721,2008,4,2,0,0,SF,미국,0,18.2,23.7,1313366,6,1,1
가루지기,722,2008,4,2,0,0,드라마,한국,1,18.2,23.7,156692,2,6,0
명탐정 코난:베이커가의 망령,723,2008,5,3,0,0,애니메이션,일본,0,19.8,25.0,35256,3,8,0
스피드 레이서,724,2008,5,3,0,0,액션,미국,0,18.7,25.1,426469,3,2,0
프라이스리스,725,2008,5,3,0,0,코미디,프랑스,0,18.7,25.1,60446,2,8,0
서울이 보이냐,726,2008,5,3,0,0,가족,한국,1,18.7,25.1,26668,1,10,0
나니아 연대기:캐스피언 왕자 ,727,2008,5,3,0,0,어드벤처,미국,0,14.4,19.2,637845,5,2,1
페넬로피,728,2008,5,3,0,0,코미디,미국,0,14.4,19.2,122141,3,5,0
인디아나 존스 4 : 크리스탈 해골의 왕국,729,2008,5,3,0,0,액션,미국,0,20.5,25.8,1659001,5,1,1
겟 썸,730,2008,5,3,0,0,액션,미국,0,20.5,25.8,63592,2,6,0
날나리 종부전,731,2008,5,3,0,0,코미디,한국,1,20.5,25.8,17057,1,9,0
라스베가스에서만 생길 수 있는 일,732,2008,5,3,0,0,멜로/로맨스,미국,0,22.3,28.5,298863,4,2,0
88분,733,2008,5,3,0,0,드라마,미국,0,22.3,28.5,161744,2,5,0
바디,734,2008,5,3,0,0,공포(호러),태국,0,22.3,28.5,72797,2,6,0
위 오운 더 나잇,735,2008,5,3,0,0,범죄,미국,0,22.3,28.5,43638,1,8,0
걸스카우트,736,2008,6,3,0,0,드라마,한국,1,14.9,17.0,158445,2,5,0
쿵푸 팬더,737,2008,6,3,0,0,애니메이션,미국,0,14.9,17.0,1264712,8,1,1
디 아이,738,2008,6,3,0,0,공포(호러),미국,0,14.9,17.0,62821,1,8,0
섹스 앤 더 시티,739,2008,6,3,0,0,멜로/로맨스,미국,0,14.9,17.0,444690,5,3,1
흑심모녀,740,2008,6,3,0,0,가족,한국,1,23.3,29.0,40637,1,8,0
도화선,741,2008,6,3,0,0,액션,홍콩,0,23.3,29.0,20472,1,10,0
해프닝,742,2008,6,3,0,0,SF,미국,0,23.3,29.0,235061,2,5,0
인크레더블 헐크,743,2008,6,3,0,0,액션,미국,0,23.3,29.0,527328,4,2,0
강철중: 공공의 적 1-1,744,2008,6,3,0,0,드라마,한국,1,20.3,24.1,1385133,7,1,1
21,745,2008,6,3,0,0,범죄,미국,0,20.3,24.1,65850,2,8,0
겟 스마트,746,2008,6,3,0,0,범죄,미국,0,20.3,24.1,113995,2,5,0
둠스데이:지구 최후의 날,747,2008,6,3,0,0,SF,미국,0,20.3,24.1,64942,2,9,0
무림여대생,748,2008,6,3,0,0,멜로/로맨스,한국,1,23.3,28.8,18363,1,10,0
크로싱,749,2008,6,3,0,0,드라마,한국,1,23.3,28.8,298978,4,4,0
원티드,750,2008,6,3,0,0,스릴러,미국,0,23.3,28.8,1055214,5,2,1
돼지코 아기공룡 임피의 모험,751,2008,6,3,0,0,애니메이션,독일,0,23.3,28.8,13734,2,9,0
크로우즈 제로,752,2008,7,2,1,0,스릴러,일본,0,22.4,24.5,14629,1,8,0
핸콕,753,2008,7,2,1,0,액션,미국,0,22.4,24.5,1319220,4,1,1
노크:낯선 자들의 방문,754,2008,7,2,1,0,공포(호러),미국,0,22.4,24.5,118990,2,6,0
잘못된 만남,755,2008,7,3,1,0,드라마,한국,1,26.3,30.5,34559,1,9,0
알이씨(Rec),756,2008,7,3,1,0,공포(호러),스페인,0,26.3,30.5,48072,1,8,0
적벽대전:거대한 전쟁의 시작,757,2008,7,3,1,0,액션,중국,0,26.3,30.5,782871,4,2,1
"좋은 놈, 나쁜 놈, 이상한 놈 ",758,2008,7,3,1,0,서부극(웨스턴),한국,1,25.3,30.3,2113859,8,1,1
님스 아일랜드,759,2008,7,3,1,0,코미디,미국,0,25.3,30.3,254452,4,3,0
극장판 도라에몽:진구의 마계대모험 7인의 마법사,760,2008,7,3,1,0,애니메이션,일본,0,25.3,30.3,68466,4,6,0
스페이스 침스:우주선을 찾아서,761,2008,7,3,1,0,애니메이션,미국,0,25.3,30.3,82859,3,7,0
님은 먼 곳에,762,2008,7,3,1,0,드라마,한국,1,22.4,25.0,832209,3,2,1
100 피트,763,2008,7,3,1,0,공포(호러),미국,0,22.4,25.0,51955,1,10,0
미이라 3:황제의 무덤,764,2008,7,2,1,0,액션,미국,0,26.1,28.3,2116962,4,1,1
눈에는 눈 이에는 이,765,2008,7,3,1,0,범죄,한국,1,26.7,29.5,873826,6,3,1
다크 나이트,766,2008,8,2,1,0,범죄,미국,0,27.8,32.9,1177765,10,1,1
월ㆍE,767,2008,8,2,1,0,애니메이션,미국,0,27.8,32.9,438096,5,3,1
고死 : 피의 중간고사,768,2008,8,3,1,0,공포(호러),한국,1,28.7,33.4,561960,5,2,1
케로로 더 무비:케로로 VS 케로로 천공대결전,769,2008,8,3,1,0,애니메이션,일본,0,28.7,33.4,73251,2,8,0
엑스파일:나는 믿고싶다,770,2008,8,2,1,0,SF,미국,0,27.0,31.5,168667,1,9,0
다찌마와리,771,2008,8,3,1,0,액션,한국,1,27.3,31.5,337499,3,6,0
아기와 나,772,2008,8,3,1,0,드라마,한국,1,27.3,31.5,207077,2,8,0
CJ7:장강7호,773,2008,8,3,1,0,SF,홍콩,0,23.4,28.6,170506,2,6,0
미드나잇 미트 트레인,774,2008,8,3,1,0,공포(호러),미국,0,23.4,28.6,142704,3,7,0
맘마미아!,775,2008,9,2,0,0,멜로/로맨스,미국,0,23.2,28.5,146819,14,1,1
신기전,776,2008,9,3,0,0,사극,한국,1,24.0,28.4,217358,8,1,1
스타워즈 : 클론 전쟁,777,2008,9,3,0,0,애니메이션,미국,0,24.0,28.4,55257,2,5,0
지구,778,2008,9,3,0,0,다큐멘터리,영국,0,24.0,28.4,78352,3,4,0
꽃보다 남자,779,2008,9,3,0,0,멜로/로맨스,일본,0,21.9,23.8,83751,2,7,0
20세기 소년,780,2008,9,3,0,0,SF,일본,0,21.9,23.8,108267,2,5,0
영화는 영화다,781,2008,9,3,0,0,액션,한국,1,21.9,23.8,341489,5,3,1
울학교 이티,782,2008,9,3,0,0,드라마,한국,1,21.9,23.8,222400,3,4,0
방콕 데인저러스,783,2008,9,3,0,0,액션,미국,0,21.9,23.8,105781,2,6,0
미러,784,2008,9,3,0,0,공포(호러),미국,0,25.5,31.9,127726,2,5,0
황시,785,2008,9,3,0,0,전쟁,호주,0,25.5,31.9,93055,2,6,0
트럭,786,2008,9,3,0,0,범죄,한국,1,16.2,20.5,244798,3,3,0
멋진 하루,787,2008,9,3,0,0,드라마,한국,1,16.2,20.5,203071,2,6,0
동키호테,788,2008,9,3,0,0,애니메이션,스페인,0,16.2,20.5,31975,1,10,0
헬보이 2 : 골든 아미,789,2008,9,3,0,0,SF,미국,0,16.2,20.5,212827,2,5,0
모던보이,790,2008,10,3,0,0,드라마,한국,1,20.0,26.0,409717,3,2,0
바빌론 A.D.,791,2008,10,3,0,0,SF,미국,0,20.0,26.0,151579,2,6,0
더 클럽,792,2008,10,3,0,0,멜로/로맨스,미국,0,20.0,26.0,46316,1,10,0
고고 70,793,2008,10,4,0,0,드라마,한국,1,19.5,24.4,281950,3,3,0
비몽,794,2008,10,3,0,0,드라마,한국,1,18.7,24.6,50816,1,8,0
내 친구의 사생활,795,2008,10,3,0,0,멜로/로맨스,미국,0,18.7,24.6,43216,1,10,0
이글 아이,796,2008,10,3,0,0,액션,미국,0,18.7,24.6,658025,6,1,1
사과,797,2008,10,3,0,0,드라마,한국,1,18.0,23.3,29528,1,10,0
하우 투 루즈 프렌즈,798,2008,10,3,0,0,코미디,영국,0,18.0,23.3,63508,2,8,0
공작부인:세기의 스캔들,799,2008,10,3,0,0,사극,미국,0,18.0,23.3,117481,2,4,0
미쓰 홍당무,800,2008,10,3,0,0,드라마,한국,1,18.0,23.3,253670,3,2,0
데스 레이스,801,2008,10,3,0,0,SF,미국,0,18.0,23.3,74818,2,7,0
아내가 결혼했다,802,2008,10,3,0,0,멜로/로맨스,한국,1,16.5,20.1,512431,6,1,1
그 남자의 책 198쪽,803,2008,10,3,0,0,멜로/로맨스,한국,1,16.5,20.1,57554,1,9,0
바디 오브 라이즈,804,2008,10,3,0,0,스릴러,미국,0,16.5,20.1,249541,4,3,0
화피,805,2008,10,3,0,0,스릴러,홍콩,0,16.5,20.1,81832,2,7,0
굿바이,806,2008,10,3,0,0,드라마,일본,0,11.1,15.7,64940,2,7,0
플라이 미 투 더 문,807,2008,10,3,0,0,애니메이션,벨기에,0,11.1,15.7,58142,3,7,0
너를 잊지 않을 거야,808,2008,10,3,0,0,드라마,일본,0,11.1,15.7,31179,1,10,0
뱅크 잡,809,2008,10,3,0,0,범죄,영국,0,11.1,15.7,211041,4,3,0
007 퀀텀 오브 솔러스,810,2008,11,2,0,0,액션,미국,0,11.5,16.1,822576,6,1,1
소년은 울지 않는다,811,2008,11,3,0,0,액션,한국,1,15.3,18.4,56449,2,8,0
서양 골동 양과자점 앤티크,812,2008,11,3,0,0,드라마,한국,1,10.1,16.0,30628,5,2,1
렛 미 인,813,2008,11,3,0,0,공포(호러),스웨덴,0,10.1,16.0,24222,1,9,0
미인도,814,2008,11,3,0,0,사극,한국,1,10.1,16.0,597414,6,1,1
눈먼자들의 도시,815,2008,11,3,0,0,드라마,캐나다,0,1.1,7.2,238423,4,3,0
커넥트,816,2008,11,3,0,0,액션,홍콩,0,1.1,7.2,79146,3,7,0
맥스 페인,817,2008,11,3,0,0,범죄,미국,0,1.1,7.2,137764,3,5,0
순정만화,818,2008,11,3,0,0,멜로/로맨스,한국,1,5.6,8.8,381098,3,2,0
1724 기방난동사건,819,2008,12,2,0,1,사극,한국,1,7.1,12.8,191869,2,4,0
과속스캔들,820,2008,12,2,0,1,코미디,한국,1,7.1,12.8,88297,14,1,1
쏘우 V,821,2008,12,2,0,1,범죄,미국,0,7.1,12.8,102791,2,7,0
오스트레일리아,822,2008,12,2,0,1,사극,미국,0,9.4,13.3,437279,4,3,0
트와일라잇,823,2008,12,2,0,1,액션,미국,0,9.4,13.3,589875,4,2,1
트로픽 썬더 ,824,2008,12,2,0,1,액션,미국,0,9.4,13.3,51204,2,7,0
벼랑 위의 포뇨,825,2008,12,2,0,1,애니메이션,일본,0,6.4,9.3,421902,5,3,1
잃어버린 세계를 찾아서,826,2008,12,2,0,1,SF,미국,0,6.4,9.3,428262,5,2,1
예스맨,827,2008,12,2,0,1,코미디,미국,0,6.4,9.3,268003,6,4,1
달콤한 거짓말,828,2008,12,3,0,1,멜로/로맨스,한국,1,-0.3,3.7,210365,3,7,0
로맨틱 아일랜드,829,2008,12,2,0,1,멜로/로맨스,한국,1,2.8,5.9,127059,1,9,0
지구가 멈추는 날,830,2008,12,2,0,1,SF,미국,0,2.8,5.9,1181013,3,2,1
니코,831,2008,12,2,0,1,애니메이션,핀란드,0,2.8,5.9,124532,1,10,0
쌍화점,832,2008,12,1,0,1,드라마,한국,1,-4.2,0.3,13866,6,1,1
볼트,833,2008,12,2,0,1,애니메이션,미국,0,-6.2,-2.9,449101,3,3,0
디파이언스,834,2009,1,3,0,1,드라마,미국,0,-0.9,2.5,90634,2,6,0
마다가스카 2,835,2009,1,3,0,1,애니메이션,미국,0,-0.9,2.5,445366,4,3,1
트랜스포터-라스트 미션,836,2009,1,3,0,1,액션,프랑스,0,-0.9,2.5,402727,3,4,0
워낭소리,837,2009,1,3,0,1,다큐멘터리,한국,1,-6.3,-2.0,212777,8,1,1
탑 블레이드 더 무비,838,2009,1,3,0,1,애니메이션,일본,0,-6.3,-2.0,22227,1,10,0
작전명 발키리,839,2009,1,3,0,1,스릴러,미국,0,3.6,9.3,537065,4,2,1
유감스러운 도시,840,2009,1,3,0,1,코미디,한국,1,3.6,9.3,461386,3,3,1
적벽대전 2 : 최후의 결전,841,2009,1,3,0,1,액션,중국,0,3.6,9.3,750402,4,1,1
베드타임 스토리,842,2009,1,3,0,1,코미디,미국,0,3.6,9.3,70285,2,9,0
체인질링,843,2009,1,3,0,1,드라마,미국,0,3.6,9.3,98343,3,7,0
잉크하트 : 어둠의 부활,844,2009,1,3,0,1,어드벤처,미국,0,3.3,8.3,318541,2,5,0
알파독,845,2009,1,3,0,1,드라마,미국,0,3.3,8.3,73637,1,10,0
마린보이,846,2009,2,3,0,0,액션,한국,1,4.4,6.0,429248,3,1,0
키친,847,2009,2,3,0,0,멜로/로맨스,한국,1,4.4,6.0,86171,1,10,0
세븐 파운즈,848,2009,2,3,0,0,드라마,미국,0,4.4,6.0,152037,2,8,0
그는 당신에게 반하지 않았다,849,2009,2,3,0,0,멜로/로맨스,미국,0,6.8,10.6,375715,5,4,0
작전,850,2009,2,3,0,0,범죄,한국,1,6.8,10.6,430734,5,2,1
벤자민 버튼의 시간은 거꾸로 간다,851,2009,2,3,0,0,드라마,미국,0,6.8,10.6,461720,5,1,1
작은 영웅 데스페로,852,2009,2,3,0,0,애니메이션,미국,0,6.8,10.6,149548,3,7,0
문프린세스 : 문에이커의 비밀,853,2009,2,3,0,0,어드벤처,영국,0,0.6,3.9,194482,2,6,0
말리와 나,854,2009,2,3,0,0,드라마,미국,0,0.6,3.9,97532,2,9,0
핸드폰,855,2009,2,3,0,0,스릴러,한국,1,0.6,3.9,284880,3,4,0
인터내셔널,856,2009,2,3,0,0,액션,미국,0,2.4,7.3,148550,2,6,0
언데드,857,2009,2,3,0,0,공포(호러),미국,0,2.4,7.3,123849,2,8,0
왓치맨,858,2009,3,3,0,0,액션,미국,0,5.2,7.6,321949,3,2,0
더 레슬러,859,2009,3,3,0,0,드라마,미국,0,5.2,7.6,39629,1,9,0
킬러들의 도시,860,2009,3,3,0,0,범죄,영국,0,5.2,7.6,32652,1,10,0
슬픔보다 더 슬픈 이야기,861,2009,3,2,0,0,멜로/로맨스,한국,1,4.5,9.9,315250,3,1,0
드래곤볼 에볼루션,862,2009,3,3,0,0,액션,미국,0,7.9,13.5,276006,2,2,0
뉴욕은 언제나 사랑 중,863,2009,3,3,0,0,멜로/로맨스,미국,0,7.9,13.5,149890,2,5,0
13일의 금요일,864,2009,3,3,0,0,공포(호러),미국,0,7.9,13.5,136794,2,7,0
그랜 토리노,865,2009,3,3,0,0,드라마,미국,0,14.1,17.3,57113,2,10,0
푸시,866,2009,3,3,0,0,SF,미국,0,14.1,17.3,319706,3,1,0
슬럼독 밀리어네어,867,2009,3,3,0,0,드라마,영국,0,14.1,17.3,261828,7,1,1
실종,868,2009,3,3,0,0,범죄,한국,1,14.1,17.3,249373,4,3,0
더 리더: 책 읽어주는 남자,869,2009,3,3,0,0,드라마,미국,0,4.7,9.2,147484,3,4,0
쇼퍼홀릭,870,2009,3,3,0,0,코미디,미국,0,4.7,9.2,138968,3,5,0
기프트,871,2009,3,3,0,0,액션,미국,0,4.7,9.2,98388,2,8,0
카오스,872,2009,3,3,0,0,액션,영국,0,4.7,9.2,119841,2,7,0
신부들의 전쟁,873,2009,4,3,0,0,코미디,미국,0,7.6,14.2,61994,1,9,0
그림자 살인,874,2009,4,3,0,0,미스터리,한국,1,7.6,14.2,537312,5,1,1
분노의 질주: 더 오리지널,875,2009,4,3,0,0,액션,미국,0,7.6,14.2,230087,4,2,0
미쓰 루시힐,876,2009,4,3,0,0,코미디,미국,0,17.5,24.9,52535,1,7,0
안나와 알렉스 : 두자매 이야기,877,2009,4,3,0,0,공포(호러),미국,0,17.5,24.9,33885,1,10,0
용의자 X의 헌신,878,2009,4,3,0,0,미스터리,일본,0,17.5,24.9,57970,1,6,0
우리 집에 왜 왔니,879,2009,4,3,0,0,드라마,한국,1,17.5,24.9,123613,2,4,0
내 남자의 아내도 좋아,880,2009,4,2,0,0,드라마,스페인,0,9.9,14.1,35514,1,8,0
똥파리,881,2009,4,3,0,0,드라마,한국,1,10.7,15.4,46359,1,7,0
더블 스파이,882,2009,4,3,0,0,범죄,미국,0,10.7,15.4,31071,1,10,0
노잉,883,2009,4,3,0,0,SF,미국,0,10.7,15.4,452213,4,1,1
엽문,884,2009,4,3,0,0,액션,홍콩,0,10.7,15.4,53957,2,7,0
13구역: 얼티메이텀,885,2009,4,3,0,0,액션,프랑스,0,10.7,15.4,210372,3,3,0
7급 공무원,886,2009,4,2,0,0,코미디,한국,1,9.9,13.0,35252,9,1,1
몬스터 vs 에이리언,887,2009,4,3,0,0,애니메이션,미국,0,12.7,17.9,219788,4,5,0
제독의 연인,888,2009,4,3,0,0,드라마,러시아,0,12.7,17.9,29564,1,10,0
인사동 스캔들,889,2009,4,2,0,0,드라마,한국,1,15.6,22.5,408084,5,4,1
박쥐,890,2009,4,3,0,0,공포(호러),한국,1,15.7,20.8,960356,6,1,1
스테이트 오브 플레이,891,2009,4,3,0,0,드라마,미국,0,15.7,20.8,68241,2,9,0
엑스맨 탄생: 울버린,892,2009,4,3,0,0,SF,미국,0,15.7,20.8,596887,4,3,1
케로로 더 무비: 드래곤 워리어,893,2009,4,3,0,0,애니메이션,일본,0,15.7,20.8,69391,2,7,0
리틀 비버,894,2009,4,3,0,0,가족,프랑스,0,15.7,20.8,75686,1,8,0
스타 트렉: 더 비기닝,895,2009,5,3,0,0,SF,미국,0,21.3,27.5,426520,5,3,1
천사와 악마,896,2009,5,3,0,0,미스터리,미국,0,18.9,25.2,775982,5,1,1
김씨표류기,897,2009,5,3,0,0,코미디,한국,1,18.9,25.2,317456,4,4,0
옹박: 더 레전드,898,2009,5,3,0,0,액션,태국,0,18.9,25.2,22693,1,8,0
잘 알지도 못하면서,899,2009,5,3,0,0,드라마,한국,1,18.9,25.2,11640,1,10,0
할로윈:살인마의 탄생,900,2009,5,3,0,0,공포(호러),미국,0,18.9,25.2,19404,1,10,0
터미네이터 : 미래전쟁의 시작,901,2009,5,3,0,0,SF,미국,0,15.8,19.4,1673554,7,1,1
코렐라인,902,2009,5,3,0,0,애니메이션,미국,0,15.8,19.4,99097,7,4,0
마더,903,2009,5,3,0,0,드라마,한국,1,24.2,31.0,1198755,7,1,1
에코,904,2009,5,3,0,0,드라마,미국,0,24.2,31.0,29496,2,9,0
박물관이 살아있다 2,905,2009,6,3,0,0,어드벤처,미국,0,21.2,25.9,939071,6,1,1
펠햄 123,906,2009,6,3,0,0,액션,미국,0,21.0,25.7,171597,3,5,0
드래그 미 투 헬,907,2009,6,3,0,0,공포(호러),미국,0,21.0,25.7,128393,4,6,0
거북이 달린다,908,2009,6,3,0,0,드라마,한국,1,21.0,25.7,542445,7,1,1
임피 원더랜드 가다,909,2009,6,3,0,0,애니메이션,독일,0,21.0,25.7,19899,1,10,0
블러드,910,2009,6,3,0,0,액션,홍콩,0,21.0,25.7,69971,2,7,0
여고괴담 5,911,2009,6,3,0,0,공포(호러),한국,1,25.1,31.5,286215,4,3,0
신주쿠 사건,912,2009,6,3,0,0,액션,홍콩,0,25.1,31.5,29186,1,9,0
블룸 형제 사기단,913,2009,6,3,0,0,코미디,미국,0,25.1,31.5,53808,2,8,0
트랜스포머: 패자의 역습,914,2009,6,2,0,0,SF,미국,0,24.5,30.0,2992475,7,1,1
링스 어드벤처,915,2009,6,2,0,0,애니메이션,스페인,0,24.5,30.0,63800,3,7,0
언노운 우먼,916,2009,7,2,1,0,드라마,이탈리아,0,23.5,27.4,11240,1,9,0
킹콩을 들다,917,2009,7,2,1,0,드라마,한국,1,23.5,27.4,312571,5,2,1
아더와 미니모이-제1탄비밀원정대의출정,918,2009,7,3,1,0,어드벤처,프랑스,0,21.8,25.8,95584,2,6,0
오감도,919,2009,7,3,1,0,드라마,한국,1,21.8,25.8,263289,3,4,0
주온-원혼의 부활,920,2009,7,3,1,0,공포(호러),일본,0,21.8,25.8,192970,3,5,0
차우,921,2009,7,2,1,0,액션,한국,1,23.1,25.9,675943,4,2,1
해리 포터와 혼혈 왕자,922,2009,7,2,1,0,어드벤처,미국,0,23.1,25.9,1690424,5,1,1
극장판 도라에몽: 진구의 공룡대탐험,923,2009,7,2,1,0,애니메이션,일본,0,23.1,25.9,75512,3,6,0
블러디 발렌타인,924,2009,7,2,1,0,공포(호러),미국,0,25.1,30.0,78871,1,7,0
해운대,925,2009,7,2,1,0,액션,한국,1,25.1,30.0,9802,11,1,1
국가대표,926,2009,7,2,1,0,드라마,한국,1,25.5,30.4,945376,12,1,1
업,927,2009,7,2,1,0,애니메이션,미국,0,25.5,30.4,414325,3,3,0
메디엄,928,2009,7,2,1,0,공포(호러),미국,0,25.5,30.4,47689,2,9,0
명탐정 코난 : 칠흑의 추적자,929,2009,7,2,1,0,애니메이션,일본,0,25.5,30.4,251792,3,6,0
10억,930,2009,8,3,1,0,스릴러,한국,1,26.6,30.7,277160,2,5,0
지.아이.조 : 전쟁의 서막,931,2009,8,3,1,0,액션,미국,0,26.6,30.7,963850,5,3,1
아이스 에이지 3: 공룡시대,932,2009,8,2,1,0,애니메이션,미국,0,23.5,25.9,435384,3,4,0
퍼블릭 에너미,933,2009,8,2,1,0,범죄,미국,0,23.5,25.9,290614,2,5,0
불신지옥,934,2009,8,2,1,0,미스터리,한국,1,23.5,25.9,162670,2,6,0
썸머 워즈,935,2009,8,3,1,0,애니메이션,일본,0,26.3,30.9,63291,1,10,0
요가학원,936,2009,8,3,1,0,공포(호러),한국,1,26.1,29.4,185592,2,5,0
소피의 연애 매뉴얼,937,2009,8,3,1,0,멜로/로맨스,중국,0,26.1,29.4,78614,1,9,0
오펀: 천사의 비밀,938,2009,8,3,1,0,공포(호러),미국,0,26.1,29.4,118572,3,5,0
퍼펙트 겟어웨이,939,2009,8,3,1,0,스릴러,미국,0,26.1,29.4,165195,3,6,0
블랙,940,2009,8,3,1,0,드라마,인도,0,24.1,25.7,262864,5,3,0
나의 로맨틱 가이드,941,2009,8,3,1,0,코미디,미국,0,24.1,25.7,42329,1,10,0
코코 샤넬,942,2009,8,3,1,0,드라마,프랑스,0,24.1,25.7,116605,2,6,0
프로포즈,943,2009,9,3,0,0,멜로/로맨스,미국,0,23.2,28.6,148109,3,4,0
드림업,944,2009,9,3,0,0,드라마,미국,0,23.2,28.6,56594,1,9,0
왼편 마지막 집,945,2009,9,3,0,0,공포(호러),미국,0,23.2,28.6,57496,1,8,0
애자,946,2009,9,2,0,0,드라마,한국,1,23.2,27.2,377161,7,1,1
9:나인,947,2009,9,2,0,0,애니메이션,미국,0,23.2,27.2,58965,1,10,0
하이 레인,948,2009,9,2,0,0,스릴러,프랑스,0,23.2,27.2,68600,1,8,0
마이 시스터즈 키퍼,949,2009,9,3,0,0,드라마,미국,0,22.3,27.4,65183,2,9,0
이태원 살인사건,950,2009,9,3,0,0,범죄,한국,1,22.3,27.4,283557,3,3,0
국가대표 완결판-못 다한 이야기,951,2009,9,3,0,0,드라마,한국,1,22.3,27.4,80877,3,7,0
어글리 트루스,952,2009,9,3,0,0,코미디,미국,0,21.2,26.1,148171,2,4,0
S러버,953,2009,9,3,0,0,코미디,미국,0,21.2,26.1,61787,1,8,0
불꽃처럼 나비처럼,954,2009,9,3,0,0,멜로/로맨스,한국,1,20.4,25.5,439770,6,2,1
내 사랑 내 곁에,955,2009,9,3,0,0,드라마,한국,1,20.4,25.5,652225,6,1,1
페임,956,2009,9,3,0,0,뮤지컬,미국,0,20.4,25.5,214843,3,4,0
짱구는 못말려 극장판:태풍을 부르는 노래하는 엉덩이 폭탄,957,2009,9,3,0,0,애니메이션,일본,0,20.4,25.5,59632,1,10,0
나는 갈매기,958,2009,9,5,0,0,다큐멘터리,한국,1,21.2,26.8,65752,1,9,0
써로게이트,959,2009,10,3,0,0,SF,미국,0,21.7,26.4,402128,3,3,0
게이머,960,2009,10,3,0,0,액션,미국,0,21.7,26.4,200070,2,6,0
파이널 데스티네이션 4,961,2009,10,3,0,0,공포(호러),미국,0,21.7,26.4,148750,2,8,0
호우시절,962,2009,10,3,0,0,멜로/로맨스,한국,1,16.2,21.5,141785,3,6,0
정승필 실종사건,963,2009,10,3,0,0,코미디,한국,1,16.2,21.5,172340,2,5,0
디스트릭트 9,964,2009,10,3,0,0,SF,미국,0,15.9,21.6,346209,4,1,0
나는 비와 함께 간다,965,2009,10,3,0,0,범죄,프랑스,0,15.9,21.6,130836,2,4,0
부산,966,2009,10,3,0,0,액션,한국,1,15.9,21.6,90635,2,7,0
뉴욕 아이 러브 유,967,2009,10,3,0,0,코미디,미국,0,13.1,18.8,45850,2,8,0
굿모닝 프레지던트,968,2009,10,3,0,0,코미디,한국,1,13.1,18.8,812145,6,1,1
팬도럼,969,2009,10,3,0,0,액션,독일,0,13.1,18.8,82069,2,3,0
바스터즈: 거친 녀석들,970,2009,10,2,0,0,액션,미국,0,14.7,20.0,154377,4,3,0
마이클 잭슨의 디스 이즈 잇,971,2009,10,2,0,0,다큐멘터리,미국,0,14.7,20.0,66099,3,6,0
시간 여행자의 아내,972,2009,10,2,0,0,멜로/로맨스,미국,0,14.7,20.0,282655,4,2,0
파주,973,2009,10,2,0,0,드라마,한국,1,14.7,20.0,75944,2,5,0
킬 미,974,2009,11,3,0,0,멜로/로맨스,한국,1,14.2,17.9,39091,1,9,0
펜트하우스 코끼리,975,2009,11,3,0,0,드라마,한국,1,14.2,17.9,97681,2,5,0
집행자,976,2009,11,3,0,0,드라마,한국,1,14.2,17.9,193348,3,3,0
내 눈에 콩깍지,977,2009,11,3,0,0,멜로/로맨스,한국,1,14.2,17.9,42318,1,8,0
청담보살,978,2009,11,2,0,0,멜로/로맨스,한국,1,9.3,13.9,555611,4,2,1
2012,979,2009,11,3,0,0,SF,미국,0,8.8,12.4,1622677,7,1,1
19-Nineteen,980,2009,11,3,0,0,드라마,한국,1,8.8,12.4,27274,1,9,0
천국의 우편배달부,981,2009,11,3,0,0,멜로/로맨스,한국,1,8.8,12.4,71594,2,6,0
백야행,982,2009,11,3,0,0,멜로/로맨스,한국,1,1.8,5.9,351728,4,3,0
솔로이스트,983,2009,11,3,0,0,드라마,미국,0,1.8,5.9,69567,2,5,0
닌자 어쌔신,984,2009,11,3,0,0,액션,미국,0,8.0,13.2,551791,4,2,1
크리스마스 캐롤,985,2009,11,3,0,0,애니메이션,미국,0,8.0,13.2,138022,4,6,0
홍길동의 후예,986,2009,11,3,0,0,액션,한국,1,8.0,13.2,18850,5,4,0
바람,987,2009,11,3,0,0,드라마,한국,1,8.0,13.2,24026,3,9,0
뉴 문,988,2009,12,2,0,1,판타지,미국,0,5.6,8.0,24684,6,1,1
시크릿,989,2009,12,3,0,1,스릴러,한국,1,4.6,5.9,367764,4,2,1
에반게리온: 파,990,2009,12,3,0,1,애니메이션,일본,0,4.6,5.9,27019,1,10,0
위대한 침묵,991,2009,12,3,0,1,다큐멘터리,독일,0,4.6,5.9,10017,1,9,0
모범시민,992,2009,12,3,0,1,스릴러,미국,0,7.6,8.5,376573,4,2,0
여배우들,993,2009,12,3,0,1,드라마,한국,1,7.6,8.5,255617,3,5,0
아바타,994,2009,12,3,0,1,SF,미국,0,-7.2,-3.2,1665665,15,1,1
걸프렌즈,995,2009,12,3,0,1,멜로/로맨스,한국,1,-7.2,-3.2,73344,1,8,0
전우치,996,2009,12,2,0,1,액션,한국,1,4.4,7.7,1775644,7,2,1
파르나서스 박사의 상상극장,997,2009,12,2,0,1,판타지,미국,0,4.4,7.7,332341,2,4,0
셜록 홈즈,998,2009,12,2,0,1,미스터리,미국,0,4.4,7.7,803893,5,3,1
포켓 몬스터 DP: 아르세우스 초극의 시공으로,999,2009,12,3,0,1,애니메이션,일본,0,2.8,6.7,149298,6,3,0
앨빈과 슈퍼밴드2,1000,2009,12,2,0,1,가족,미국,0,-4.0,1.8,321999,3,5,0
나인,1001,2009,12,3,0,1,멜로/로맨스,미국,0,-10.8,-8.3,333505,2,4,0
더 로드,1002,2010,1,3,0,1,SF,미국,0,-10.1,-5.5,108792,2,7,0
용서는 없다,1003,2010,1,3,0,1,범죄,한국,1,-10.1,-5.5,353431,5,3,1
극장판파워레인저 엔진포스VS 와일드스피릿,1004,2010,1,3,0,1,SF,일본,0,-10.1,-5.5,67438,1,8,0
아스트로 보이-아톰의 귀환,1005,2010,1,2,0,1,애니메이션,미국,0,-13.2,-10.7,28309,4,5,0
파라노말 액티비티,1006,2010,1,2,0,1,공포(호러),미국,0,-13.2,-10.7,193237,4,4,0
아빠가 여자를 좋아해,1007,2010,1,3,0,1,멜로/로맨스,한국,1,-9.1,-4.1,108875,1,7,0
웨딩드레스,1008,2010,1,3,0,1,드라마,한국,1,-9.1,-4.1,74359,1,9,0
500일의 썸머,1009,2010,1,3,0,1,드라마,미국,0,-4.1,2.4,81456,3,7,0
공주와 개구리,1010,2010,1,3,0,1,애니메이션,미국,0,-4.1,2.4,58490,1,10,0
주유소 습격사건 2,1011,2010,1,3,0,1,액션,한국,1,-4.1,2.4,378506,3,3,0
8인: 최후의 결사단,1012,2010,1,3,0,1,액션,중국,0,-4.1,2.4,81280,1,8,0
유희왕,1013,2010,1,3,0,1,애니메이션,일본,0,-0.4,2.7,35302,3,8,0
꼬마 니콜라,1014,2010,1,3,0,1,가족,프랑스,0,-0.4,2.7,106703,2,7,0
들어는 봤니? 모건 부부,1015,2010,1,3,0,1,코미디,미국,0,-0.4,2.7,68993,2,8,0
하모니,1016,2010,1,3,0,1,드라마,한국,1,-0.4,2.7,606341,8,2,1
식객2 : 김치전쟁,1017,2010,1,3,0,1,드라마,한국,1,-0.4,2.7,250198,3,5,0
의형제,1018,2010,2,3,0,0,드라마,한국,1,-4.3,-0.6,873747,9,1,1
하늘에서 음식이 내린다면,1019,2010,2,3,0,0,애니메이션,미국,0,0.6,3.5,139808,4,5,0
퍼시 잭슨과 번개 도둑,1020,2010,2,3,0,0,판타지,미국,0,0.6,3.5,536353,4,2,1
울프맨,1021,2010,2,3,0,0,공포(호러),미국,0,0.6,3.5,129249,2,7,0
발렌타인 데이,1022,2010,2,3,0,0,멜로/로맨스,미국,0,0.6,3.5,81342,2,8,0
원피스 극장판: 스트롱 월드,1023,2010,2,3,0,0,애니메이션,일본,0,0.6,3.5,35950,2,10,0
공자 춘추전국시대,1024,2010,2,3,0,0,드라마,중국,0,0.6,3.5,171274,2,5,0
평행이론,1025,2010,2,3,0,0,스릴러,한국,1,-2.9,-1.0,295256,4,3,0
하치 이야기,1026,2010,2,3,0,0,드라마,미국,0,-2.9,-1.0,29872,1,10,0
러블리 본즈,1027,2010,2,3,0,0,범죄,미국,0,12.0,14.8,120378,2,7,0
포스 카인드,1028,2010,2,3,0,0,SF,미국,0,12.0,14.8,100879,2,8,0
클로이,1029,2010,2,3,0,0,드라마,프랑스,0,12.0,14.8,69563,1,9,0
이상한 나라의 앨리스,1030,2010,3,3,0,0,판타지,미국,0,5.5,6.3,619592,6,1,1
디어 존,1031,2010,3,3,0,0,드라마,미국,0,5.5,6.3,108364,2,7,0
우리가 꿈꾸는 기적: 인빅터스,1032,2010,3,3,0,0,드라마,미국,0,5.5,6.3,36127,1,10,0
사랑은 너무 복잡해,1033,2010,3,3,0,0,멜로/로맨스,미국,0,2.3,6.0,91652,3,4,0
프롬 파리 위드 러브,1034,2010,3,3,0,0,액션,프랑스,0,2.3,6.0,220495,2,3,0
대병소장,1035,2010,3,3,0,0,액션,홍콩,0,2.3,6.0,66347,1,8,0
데이브레이커스,1036,2010,3,3,0,0,드라마,미국,0,0.5,4.6,87649,2,7,0
육혈포 강도단,1037,2010,3,3,0,0,코미디,한국,1,0.5,4.6,279204,6,1,1
무법자,1038,2010,3,3,0,0,드라마,한국,1,0.5,4.6,96870,2,6,0
셔터 아일랜드,1039,2010,3,3,0,0,드라마,미국,0,0.5,4.6,384907,4,2,0
그린 존,1040,2010,3,3,0,0,드라마,미국,0,5.0,9.5,292217,4,3,0
비밀애,1041,2010,3,3,0,0,멜로/로맨스,한국,1,5.0,9.5,92163,2,5,0
솔로몬 케인,1042,2010,3,3,0,0,액션,프랑스,0,5.0,9.5,87133,2,7,0
아마존의 눈물,1043,2010,3,3,0,0,다큐멘터리,한국,1,5.0,9.5,22549,1,10,0
폭풍전야,1044,2010,4,3,0,0,드라마,한국,1,7.0,9.9,33598,2,8,0
타이탄,1045,2010,4,3,0,0,액션,미국,0,7.0,9.9,1078342,6,1,1
집 나온 남자들,1046,2010,4,3,0,0,코미디,한국,1,9.1,15.5,16979,1,9,0
프로포즈 데이,1047,2010,4,3,0,0,멜로/로맨스,미국,0,9.1,15.5,57746,2,7,0
반가운 살인자,1048,2010,4,3,0,0,코미디,한국,1,9.1,15.5,212312,4,2,0
크레이지,1049,2010,4,3,0,0,공포(호러),미국,0,9.1,15.5,84430,2,4,0
베스트셀러,1050,2010,4,3,0,0,미스터리,한국,1,7.0,12.6,230436,6,1,1
일라이,1051,2010,4,3,0,0,액션,미국,0,7.0,12.6,117163,2,4,0
블라인드 사이드,1052,2010,4,3,0,0,드라마,미국,0,7.0,12.6,83822,5,5,0
바운티 헌터,1053,2010,4,3,0,0,멜로/로맨스,미국,0,7.0,12.6,31943,2,9,0
친정엄마,1054,2010,4,3,0,0,드라마,한국,1,10.7,12.7,134453,4,3,0
킥 애스: 영웅의 탄생,1055,2010,4,3,0,0,액션,영국,0,10.7,12.7,101706,2,7,0
허트 로커,1056,2010,4,3,0,0,전쟁,미국,0,10.7,12.7,102413,2,6,0
구르믈 버서난 달처럼,1057,2010,4,2,0,0,사극,한국,1,5.0,7.8,509210,4,2,1
아이언맨 2,1058,2010,4,3,0,0,SF,미국,0,8.5,12.4,1656785,5,1,1
케로로 더 무비 5: 기적의 사차원섬,1059,2010,4,3,0,0,애니메이션,일본,0,8.5,12.4,77041,1,6,0
브라더스,1060,2010,5,2,0,0,드라마,미국,0,20.6,25.2,49424,2,9,0
대한민국 1%,1061,2010,5,2,0,0,드라마,한국,1,20.6,25.2,99184,5,4,0
로빈 후드,1062,2010,5,3,0,0,액션,미국,0,16.0,21.9,551031,4,2,1
하녀,1063,2010,5,3,0,0,스릴러,한국,1,16.0,21.9,818598,4,1,1
시,1064,2010,5,3,0,0,드라마,한국,1,16.0,21.9,34815,4,8,0
드래곤 길들이기,1065,2010,5,3,0,0,애니메이션,미국,0,19.5,25.4,62629,7,2,1
나이트메어,1066,2010,5,3,0,0,공포(호러),미국,0,19.5,25.4,88989,2,6,0
내 깡패 같은 애인,1067,2010,5,3,0,0,드라마,한국,1,19.5,25.4,273746,4,5,0
페르시아의 왕자: 시간의 모래,1068,2010,5,3,0,0,액션,미국,0,17.4,24.0,719883,4,1,1
꿈은 이루어진다,1069,2010,5,3,0,0,코미디,한국,1,17.4,24.0,65834,2,7,0
엣지 오브 다크니스,1070,2010,6,2,0,0,범죄,영국,0,21.0,26.6,137528,2,6,0
방자전,1071,2010,6,2,0,0,사극,한국,1,21.0,26.6,878465,7,1,1
유령작가,1072,2010,6,2,0,0,미스터리,프랑스,0,21.0,26.6,125407,2,7,0
섹스 앤 더 시티 2,1073,2010,6,3,0,0,드라마,미국,0,26.5,32.7,137170,4,4,0
베스트 키드,1074,2010,6,3,0,0,가족,미국,0,26.5,32.7,154603,3,5,0
A-특공대,1075,2010,6,3,0,0,액션,미국,0,26.5,32.7,243753,4,3,0
토마스와 친구들 - 극장판 2,1076,2010,6,3,0,0,애니메이션,미국,0,26.5,32.7,9330,1,10,0
스트리트댄스,1077,2010,6,2,0,0,드라마,영국,0,22.3,25.6,81677,2,8,0
포화속으로,1078,2010,6,2,0,0,드라마,한국,1,22.3,25.6,131147,7,1,1
엽문2,1079,2010,6,2,0,0,액션,홍콩,0,22.3,25.6,41152,1,9,0
여대생 기숙사,1080,2010,6,2,0,0,공포(호러),미국,0,23.0,28.6,40865,1,8,0
맨발의 꿈,1081,2010,6,3,0,0,드라마,한국,1,24.4,30.8,124436,4,5,0
나잇&데이,1082,2010,6,3,0,0,액션,미국,0,24.4,30.8,592851,5,2,1
스플라이스,1083,2010,7,3,1,0,SF,캐나다,0,26.1,30.7,93267,3,7,0
슈렉 포에버,1084,2010,7,3,1,0,애니메이션,미국,0,26.1,30.7,763135,5,1,1
필립모리스,1085,2010,7,3,1,0,코미디,프랑스,0,26.1,30.7,55098,1,9,0
파괴된 사나이,1086,2010,7,3,1,0,드라마,한국,1,26.1,30.7,424066,4,4,1
이클립스,1087,2010,7,2,1,0,판타지,미국,0,25.6,29.6,1106325,3,1,1
킬러 인사이드 미,1088,2010,7,2,1,0,범죄,미국,0,25.6,29.6,37660,2,9,0
아더와 미니모이 2 : 셀레니아 공주 구출 작전,1089,2010,7,3,1,0,판타지,프랑스,0,24.7,29.6,33665,1,10,0
이끼,1090,2010,7,2,1,0,드라마,한국,1,24.8,27.7,1139014,5,1,1
인셉션,1091,2010,7,2,1,0,드라마,미국,0,27.8,29.7,1238624,13,1,1
명탐정 코난: 천공의 난파선,1092,2010,7,2,1,0,애니메이션,일본,0,27.8,29.7,227268,3,6,0
마음이2,1093,2010,7,2,1,0,드라마,한국,1,27.8,29.7,269197,3,4,0
마법사의 제자,1094,2010,7,2,1,0,드라마,미국,0,27.8,29.7,342335,2,3,0
오션스,1095,2010,7,2,1,0,다큐멘터리,프랑스,0,27.0,31.2,252139,3,5,0
고死 두 번째 이야기: 교생실습,1096,2010,7,2,1,0,공포(호러),한국,1,27.0,31.2,489868,2,4,0
극장판 도라에몽: 진구의 인어대해전,1097,2010,7,2,1,0,애니메이션,일본,0,27.0,31.2,114293,1,9,0
솔트,1098,2010,7,3,1,0,스릴러,미국,0,26.8,30.6,1073949,4,2,1
아저씨,1099,2010,8,2,1,0,액션,한국,1,28.1,31.9,979602,11,1,1
토이 스토리 3,1100,2010,8,3,1,0,가족,미국,0,29.2,33.8,557928,4,4,1
스텝 업 3D,1101,2010,8,3,1,0,드라마,미국,0,29.2,33.8,253072,3,6,0
내니맥피 2: 유모와마법소동,1102,2010,8,2,1,0,가족,미국,0,28.2,32.7,121941,2,7,0
오션월드 3D,1103,2010,8,2,1,0,다큐멘터리,영국,0,28.2,32.7,83000,1,9,0
악마를 보았다,1104,2010,8,3,1,0,스릴러,한국,1,23.7,26.7,636219,5,3,1
라스트 에어벤더,1105,2010,8,3,1,0,액션,미국,0,28.5,32.9,764089,3,2,1
익스펜더블,1106,2010,8,3,1,0,스릴러,미국,0,28.5,32.9,234622,2,6,0
폐가,1107,2010,8,3,1,0,공포(호러),한국,1,28.5,32.9,136232,2,8,0
죽이고 싶은,1108,2010,8,3,1,0,스릴러,한국,1,24.0,26.7,47986,1,10,0
프레데터스,1109,2010,8,3,1,0,액션,미국,0,24.0,26.7,187096,2,6,0
피라냐,1110,2010,8,3,1,0,액션,미국,0,24.0,26.7,263896,3,4,0
김복남 살인사건의 전말,1111,2010,9,3,0,0,스릴러,한국,1,24.0,26.2,83127,1,5,0
킬러스,1112,2010,9,3,0,0,액션,미국,0,24.0,26.2,207364,2,2,0
뮬란: 전사의 귀환,1113,2010,9,3,0,0,액션,중국,0,24.0,26.2,89512,1,7,0
애프터 라이프,1114,2010,9,3,0,0,드라마,미국,0,24.0,26.2,87593,1,8,0
아바타 3D 스페셜에디션,1115,2010,9,5,0,0,SF,미국,0,26.8,31.2,93094,1,9,0
해결사,1116,2010,9,3,0,0,액션,한국,1,20.9,22.5,628471,5,1,1
마루 밑 아리에티,1117,2010,9,3,0,0,애니메이션,일본,0,20.9,22.5,442853,5,2,1
"울지마, 톤즈",1118,2010,9,3,0,0,다큐멘터리,한국,1,20.9,22.5,29856,2,9,0
그랑프리,1119,2010,9,3,0,0,드라마,한국,1,24.5,30.0,61974,2,9,0
레지던트 이블 4: 끝나지 않은 전쟁 3D,1120,2010,9,3,0,0,공포(호러),독일,0,24.5,30.0,368732,4,3,1
캣츠 앤 독스 2,1121,2010,9,3,0,0,가족,미국,0,24.5,30.0,23611,2,10,0
퀴즈왕,1122,2010,9,3,0,0,코미디,한국,1,24.5,30.0,50016,4,7,0
슈퍼  배드,1123,2010,9,3,0,0,애니메이션,미국,0,24.5,30.0,156588,5,4,0
무적자,1124,2010,9,3,0,0,드라마,한국,1,24.5,30.0,375710,4,1,1
시라노; 연애조작단,1125,2010,9,3,0,0,멜로/로맨스,한국,1,24.5,30.0,62141,8,1,1
방가? 방가!,1126,2010,9,3,0,0,코미디,한국,1,14.6,20.7,199582,5,2,0
먹고 기도하고 사랑하라,1127,2010,9,3,0,0,드라마,미국,0,14.6,20.7,227907,3,2,0
레터스 투 줄리엣,1128,2010,10,2,0,0,멜로/로맨스,미국,0,16.1,22.1,161609,4,5,0
적인걸: 측천무후의 비밀,1129,2010,10,2,0,0,액션,중국,0,16.1,22.1,227408,3,3,0
심야의 F.M.,1130,2010,10,3,0,0,스릴러,한국,1,15.7,20.4,332744,5,1,1
검우강호,1131,2010,10,3,0,0,액션,홍콩,0,15.7,20.4,173446,3,4,0
22 블렛,1132,2010,10,3,0,0,액션,프랑스,0,15.7,20.4,80907,2,7,0
월 스트리트: 머니 네버 슬립스,1133,2010,10,3,0,0,드라마,미국,0,15.8,21.9,150301,2,5,0
참을 수 없는,1134,2010,10,3,0,0,멜로/로맨스,한국,1,15.8,21.9,48958,1,9,0
파라노말 액티비티 2,1135,2010,10,3,0,0,공포(호러),미국,0,15.8,21.9,181938,3,2,0
부당거래,1136,2010,10,3,0,0,범죄,한국,1,7.2,12.3,714376,7,1,1
가디언의 전설,1137,2010,10,3,0,0,애니메이션,미국,0,7.2,12.3,160149,3,3,0
나탈리,1138,2010,10,3,0,0,멜로/로맨스,한국,1,7.2,12.3,57093,2,9,0
레드,1139,2010,11,2,0,0,액션,미국,0,7.2,12.6,235044,3,2,0
불량남녀,1140,2010,11,3,0,0,코미디,한국,1,10.6,16.0,230366,3,3,0
대지진,1141,2010,11,3,0,0,드라마,중국,0,10.6,16.0,30950,2,9,0
돌이킬 수 없는,1142,2010,11,3,0,0,미스터리,한국,1,10.6,16.0,45450,2,7,0
데블,1143,2010,11,3,0,0,공포(호러),미국,0,10.6,16.0,74938,2,6,0
초능력자,1144,2010,11,2,0,0,SF,한국,1,4.1,9.1,990548,4,1,1
언스토퍼블,1145,2010,11,2,0,0,액션,미국,0,4.1,9.1,205244,3,3,0
쏘우 3D,1146,2010,11,3,0,0,공포(호러),미국,0,6.5,12.0,78071,1,7,0
페스티발,1147,2010,11,3,0,0,코미디,한국,1,6.5,12.0,125276,2,5,0
소셜 네트워크,1148,2010,11,3,0,0,드라마,미국,0,6.5,12.0,235508,3,3,0
두 여자,1149,2010,11,3,0,0,멜로/로맨스,한국,1,6.5,12.0,75290,2,8,0
렛 미 인,1150,2010,11,3,0,0,드라마,영국,0,6.5,12.0,104848,2,6,0
이층의 악당,1151,2010,11,2,0,0,코미디,한국,1,6.3,10.7,274356,4,3,0
스카이 라인,1152,2010,11,2,0,0,액션,미국,0,6.3,10.7,544004,3,1,0
더 콘서트,1153,2010,11,3,0,0,드라마,프랑스,0,3.1,6.1,55098,1,8,0
워리어스 웨이,1154,2010,12,2,0,1,액션,미국,0,7.2,10.4,292395,3,2,0
스위치,1155,2010,12,2,0,1,멜로/로맨스,미국,0,7.2,10.4,55658,1,10,0
라스트 엑소시즘,1156,2010,12,2,0,1,공포(호러),미국,0,7.2,10.4,70628,2,8,0
쩨쩨한 로맨스,1157,2010,12,2,0,1,코미디,한국,1,7.2,10.4,597831,5,1,1
베리드,1158,2010,12,2,0,1,드라마,스페인,0,0.4,2.2,41992,2,8,0
김종욱 찾기,1159,2010,12,2,0,1,멜로/로맨스,한국,1,0.4,2.2,405648,4,3,1
나니아 연대기: 새벽 출정호의 항해,1160,2010,12,2,0,1,판타지,미국,0,0.4,2.2,72181,4,2,1
투어리스트,1161,2010,12,3,0,1,드라마,미국,0,-1.8,2.3,459767,3,3,0
해리 포터와 죽음의 성물1,1162,2010,12,2,0,1,미스터리,미국,0,-10.5,-7.3,1110980,6,1,1
톨스토이의 마지막 인생,1163,2010,12,2,0,1,드라마,영국,0,-10.5,-7.3,33792,1,7,0
새미의 어드벤쳐,1164,2010,12,2,0,1,애니메이션,벨기에,0,-10.5,-7.3,215433,5,5,0
황해,1165,2010,12,2,0,1,스릴러,한국,1,4.0,8.3,1056010,5,1,1
헬로우 고스트,1166,2010,12,2,0,1,코미디,한국,1,4.0,8.3,873290,7,1,1
쓰리 데이즈,1167,2010,12,2,0,1,범죄,미국,0,4.0,8.3,158777,2,8,0
극장판 포켓 몬스터 DP 「환영의 패왕 조로아크」,1168,2010,12,3,0,1,애니메이션,일본,0,-1.9,4.5,156309,3,7,0
라스트 갓파더,1169,2010,12,2,0,1,코미디,한국,1,-5.7,-2.1,1313126,4,1,1
트론: 새로운 시작,1170,2010,12,2,0,1,SF,미국,0,-5.7,-2.1,301221,2,5,0
심장이 뛴다,1171,2011,1,2,0,1,드라마,한국,1,-4.0,-1.8,453415,3,3,0
극장판 메탈 베이블레이드 VS 태양 작열의 침략자 솔블레이즈,1172,2011,1,2,0,1,애니메이션,일본,0,-4.0,-1.8,46127,1,9,0
메가마인드,1173,2011,1,3,0,1,애니메이션,미국,0,-5.9,-0.6,360727,4,2,0
시즌 오브 더 위치: 마녀 호송단,1174,2011,1,3,0,1,어드벤처,미국,0,-5.9,-0.6,213750,2,5,0
꿀벌 하치의 대모험,1175,2011,1,3,0,1,애니메이션,일본,0,-5.9,-0.6,38809,1,10,0
러브 & 드럭스,1176,2011,1,3,0,1,멜로/로맨스,미국,0,-5.9,-0.6,216849,3,4,0
글러브,1177,2011,1,3,0,1,드라마,한국,1,-8.2,-4.7,537993,4,1,1
아프리카 마법여행,1178,2011,1,3,0,1,어드벤처,스페인,0,-8.2,-4.7,37449,1,8,0
조선명탐정 : 각시투구꽃의 비밀,1179,2011,1,3,0,1,코미디,한국,1,-8.9,-5.7,738546,7,1,1
평양성,1180,2011,1,3,0,1,전쟁,한국,1,-8.9,-5.7,396690,4,3,1
걸리버 여행기,1181,2011,1,3,0,1,코미디,미국,0,-8.9,-5.7,578806,3,2,1
그린 호넷,1182,2011,1,3,0,1,드라마,미국,0,-8.9,-5.7,78031,2,6,0
타운,1183,2011,1,3,0,1,드라마,미국,0,-8.9,-5.7,39196,2,8,0
가필드 펫 포스 3D,1184,2011,1,3,0,1,애니메이션,미국,0,-8.9,-5.7,18061,1,10,0
상하이,1185,2011,1,3,0,1,드라마,미국,0,-8.9,-5.7,90287,3,5,0
라푼젤,1186,2011,2,3,0,0,애니메이션,미국,0,-2.1,2.7,306202,4,2,0
생텀,1187,2011,2,3,0,0,어드벤처,미국,0,-2.1,2.7,289622,2,3,0
친구와 연인사이,1188,2011,2,3,0,0,코미디,미국,0,-2.1,2.7,140240,2,7,0
만추,1189,2011,2,3,0,0,멜로/로맨스,한국,1,0.9,4.7,458325,3,3,0
그대를 사랑합니다,1190,2011,2,3,0,0,드라마,한국,1,0.9,4.7,25466,10,2,1
아이들...,1191,2011,2,3,0,0,범죄,한국,1,0.9,4.7,82483,5,1,1
127시간,1192,2011,2,3,0,0,드라마,미국,0,0.9,4.7,104088,1,9,0
언노운,1193,2011,2,3,0,0,드라마,미국,0,0.9,4.7,205705,3,5,0
아이 엠 넘버 포,1194,2011,2,3,0,0,액션,미국,0,6.1,10.5,302379,3,3,0
메카닉,1195,2011,2,3,0,0,드라마,미국,0,6.1,10.5,123023,1,9,0
알파 앤 오메가,1196,2011,2,3,0,0,애니메이션,미국,0,6.1,10.5,116784,1,10,0
블랙 스완,1197,2011,2,3,0,0,드라마,미국,0,6.1,10.5,318079,6,1,1
컨트롤러,1198,2011,3,3,0,0,스릴러,미국,0,-2.1,2.5,257618,2,4,0
랭고,1199,2011,3,3,0,0,애니메이션,미국,0,-2.1,2.5,190622,3,5,0
파이터,1200,2011,3,3,0,0,드라마,미국,0,1.4,4.9,83969,1,8,0
사랑이 무서워,1201,2011,3,3,0,0,코미디,한국,1,1.4,4.9,161901,3,4,0
월드 인베이젼,1202,2011,3,3,0,0,SF,미국,0,1.4,4.9,522475,5,1,1
웨이 백,1203,2011,3,3,0,0,드라마,미국,0,0.8,6.1,60417,1,9,0
킹스 스피치,1204,2011,3,3,0,0,드라마,영국,0,0.8,6.1,232763,4,1,0
굿모닝 에브리원,1205,2011,3,3,0,0,드라마,미국,0,0.8,6.1,85373,2,7,0
레드 라이딩 후드,1206,2011,3,3,0,0,드라마,미국,0,0.8,6.1,189855,2,5,0
비스틀리,1207,2011,3,3,0,0,드라마,미국,0,0.8,6.1,82030,1,8,0
로맨틱 헤븐,1208,2011,3,3,0,0,드라마,한국,1,2.9,8.0,52470,1,10,0
마이 블랙 미니드레스,1209,2011,3,3,0,0,드라마,한국,1,2.9,8.0,162503,3,4,0
내 이름은 칸,1210,2011,3,3,0,0,드라마,인도,0,2.9,8.0,69556,4,3,0
위험한 상견례,1211,2011,3,3,0,0,코미디,한국,1,9.2,16.8,106011,9,1,1
줄리아의 눈,1212,2011,3,3,0,0,미스터리,스페인,0,9.2,16.8,110919,3,4,0
미트 페어런츠 3,1213,2011,3,3,0,0,코미디,미국,0,9.2,16.8,50931,1,8,0
베니싱,1214,2011,3,3,0,0,미스터리,미국,0,9.2,16.8,50088,1,9,0
황당한 외계인: 폴,1215,2011,4,3,0,0,코미디,미국,0,9.6,10.7,46349,1,8,0
써커 펀치,1216,2011,4,3,0,0,액션,미국,0,9.6,10.7,113652,2,4,0
라스트 나잇,1217,2011,4,3,0,0,멜로/로맨스,미국,0,9.6,10.7,72988,2,7,0
한나,1218,2011,4,3,0,0,액션,미국,0,12.4,18.8,141633,2,3,0
노미오와 줄리엣,1219,2011,4,3,0,0,애니메이션,영국,0,12.4,18.8,77766,2,5,0
수상한 고객들,1220,2011,4,3,0,0,코미디,한국,1,12.4,18.8,321365,4,2,1
나는 아빠다,1221,2011,4,3,0,0,액션,한국,1,12.4,18.8,85646,2,5,0
제인 에어,1222,2011,4,2,0,0,드라마,영국,0,11.2,16.8,69214,2,6,0
더 라이트: 악마는 있다,1223,2011,4,2,0,0,미스터리,미국,0,11.2,16.8,39031,1,10,0
분노의 질주: 언리미티드,1224,2011,4,2,0,0,스릴러,미국,0,11.2,16.8,484333,6,1,1
세상에서 가장 아름다운 이별,1225,2011,4,2,0,0,드라마,한국,1,11.2,16.8,126584,2,4,0
적과의 동침,1226,2011,4,2,0,0,드라마,한국,1,11.4,14.2,155823,2,5,0
마오의 라스트 댄서,1227,2011,4,3,0,0,드라마,호주,0,10.4,15.3,27098,1,10,0
토르: 천둥의 신,1228,2011,4,3,0,0,액션,미국,0,10.4,15.3,631652,4,1,1
써니,1229,2011,5,2,0,0,드라마,한국,1,15.9,21.8,57579,15,1,1
소스 코드,1230,2011,5,2,0,0,액션,미국,0,15.9,21.8,546155,4,2,1
체포왕,1231,2011,5,2,0,0,코미디,한국,1,15.9,21.8,59971,5,4,0
짱구는 못말려 극장판 : 초시공! 태풍을 부르는 나의 신부,1232,2011,5,3,0,0,애니메이션,일본,0,17.5,23.7,209562,2,6,0
썬더일레븐 극장판 : 최강군단 오우거의 습격,1233,2011,5,3,0,0,애니메이션,일본,0,17.5,23.7,77153,2,9,0
옥보단 3D,1234,2011,5,3,0,0,성인물(에로),홍콩,0,15.7,20.2,58627,2,8,0
천녀유혼,1235,2011,5,3,0,0,SF,중국,0,15.7,20.2,47943,2,9,0
회초리,1236,2011,5,3,0,0,드라마,한국,1,20.7,23.6,44682,2,8,0
캐리비안의 해적: 낯선 조류,1237,2011,5,3,0,0,액션,미국,0,20.7,23.6,1432666,5,1,1
삼국지: 명장 관우,1238,2011,5,3,0,0,전쟁,홍콩,0,20.7,23.6,75699,3,5,0
쿵푸팬더 2,1239,2011,5,3,0,0,애니메이션,미국,0,20.7,24.0,1673640,8,1,1
헤드,1240,2011,5,3,0,0,액션,한국,1,20.7,24.0,43059,2,4,0
마마,1241,2011,6,2,0,0,드라마,한국,1,18.0,21.6,16458,3,5,0
레지던트,1242,2011,6,3,0,0,스릴러,영국,0,19.0,24.7,42697,2,6,0
엑스맨: 퍼스트 클래스,1243,2011,6,3,0,0,액션,미국,0,19.0,24.7,766233,6,2,1
스크림 4G,1244,2011,6,3,0,0,미스터리,미국,0,19.4,22.0,28939,1,9,0
화이트: 저주의 멜로디,1245,2011,6,3,0,0,공포(호러),한국,1,19.4,22.0,213660,5,5,0
모비딕,1246,2011,6,3,0,0,스릴러,한국,1,19.4,22.0,11661,3,5,0
프리스트,1247,2011,6,3,0,0,액션,미국,0,19.4,22.0,66735,1,8,0
링컨 차를 타는 변호사,1248,2011,6,3,0,0,범죄,미국,0,26.5,32.0,108526,4,7,0
그린랜턴: 반지의 선택,1249,2011,6,3,0,0,SF,미국,0,26.5,32.0,145605,2,6,0
슈퍼 에이트,1250,2011,6,3,0,0,SF,미국,0,26.5,32.0,274847,3,4,0
러브 앤 프렌즈,1251,2011,6,3,0,0,드라마,미국,0,26.5,32.0,57500,2,9,0
정무문 : 100대 1의 전설,1252,2011,6,2,0,0,액션,홍콩,0,22.7,24.9,91001,2,8,0
풍산개,1253,2011,6,3,0,0,드라마,한국,1,22.0,23.3,284230,4,3,0
트랜스포머 3,1254,2011,6,2,0,0,액션,미국,0,21.0,23.3,3356316,6,1,1
음모자,1255,2011,6,3,0,0,드라마,미국,0,23.8,27.9,11982,2,10,0
고양이: 죽음을 보는 두 개의 눈,1256,2011,7,3,1,0,공포(호러),한국,1,22.9,25.3,364352,3,3,0
고 녀석 맛나겠다,1257,2011,7,3,1,0,애니메이션,일본,0,22.9,25.3,43093,1,8,0
빨간모자의 진실 2,1258,2011,7,2,1,0,애니메이션,미국,0,24.3,26.2,113625,2,5,0
해리 포터와 죽음의 성물2,1259,2011,7,2,1,0,판타지,미국,0,24.3,26.2,1745554,5,1,1
포인트 블랭크,1260,2011,7,2,1,0,스릴러,프랑스,0,24.3,26.2,37852,1,9,0
퀵,1261,2011,7,2,1,0,코미디,한국,1,27.6,32.6,57499,7,2,1
바니버디,1262,2011,7,2,1,0,애니메이션,미국,0,27.6,32.6,101401,1,7,0
카 2,1263,2011,7,2,1,0,애니메이션,미국,0,27.6,32.6,212343,2,5,0
고지전,1264,2011,7,2,1,0,드라마,한국,1,27.6,32.6,70268,6,1,1
리오,1265,2011,7,2,1,0,애니메이션,미국,0,24.0,26.2,276185,2,6,0
마당을 나온 암탉,1266,2011,7,3,1,0,애니메이션,한국,1,24.7,26.3,13912,7,4,1
퍼스트 어벤져,1267,2011,7,3,1,0,액션,미국,0,24.7,26.3,322828,2,4,0
극장판 도라에몽: 진구와 철인군단 날아라 천사들,1268,2011,7,3,1,0,애니메이션,일본,0,24.7,26.3,71292,1,10,0
명탐정 코난 : 침묵의 15분,1269,2011,8,2,1,0,애니메이션,일본,0,25.4,28.1,330663,3,6,0
7광구,1270,2011,8,3,1,0,SF,한국,1,25.4,28.0,1387509,3,1,1
블라인드,1271,2011,8,2,1,0,스릴러,한국,1,25.8,28.9,597693,5,3,1
최종병기 활,1272,2011,8,2,1,0,사극,한국,1,25.8,28.9,1322912,11,1,1
개구쟁이 스머프,1273,2011,8,3,1,0,애니메이션,미국,0,26.6,29.9,338113,4,4,1
카우보이 & 에이리언,1274,2011,8,3,1,0,액션,미국,0,26.6,29.9,175350,1,9,0
혹성탈출: 진화의 시작,1275,2011,8,2,1,0,액션,미국,0,23.7,24.6,950537,5,2,1
세 얼간이,1276,2011,8,3,1,0,코미디,인도,0,25.2,30.2,117172,3,6,0
행오버 2,1277,2011,8,3,1,0,코미디,미국,0,25.7,30.5,37221,1,9,0
내 여자친구의 결혼식,1278,2011,8,3,1,0,코미디,미국,0,25.7,30.5,36384,1,10,0
돈비 어프레이드 : 어둠 속의 속삭임,1279,2011,8,3,1,0,공포(호러),미국,0,25.7,30.5,51964,1,8,0
푸른소금,1280,2011,8,2,1,0,액션,한국,1,27.9,32.8,394101,3,3,0
콜롬비아나,1281,2011,8,2,1,0,액션,미국,0,27.9,32.8,261032,3,5,0
통증,1282,2011,9,2,0,0,멜로/로맨스,한국,1,22.6,27.3,35519,4,3,0
파퍼씨네 펭귄들,1283,2011,9,2,0,0,코미디,미국,0,22.6,27.3,210613,5,3,0
챔프,1284,2011,9,2,0,0,드라마,한국,1,22.6,27.3,145565,3,5,0
가문의 영광4 - 가문의 수난,1285,2011,9,2,0,0,코미디,한국,1,22.6,27.3,80377,5,1,1
쥴리의 육지 대모험,1286,2011,9,3,0,0,애니메이션,미국,0,22.3,25.8,107100,1,10,0
파이널 데스티네이션5,1287,2011,9,3,0,0,공포(호러),미국,0,22.3,25.8,94632,2,9,0
킬러 엘리트,1288,2011,9,3,0,0,스릴러,미국,0,18.1,24.6,97070,2,6,0
컨테이젼,1289,2011,9,3,0,0,액션,미국,0,18.1,24.6,149435,2,4,0
도가니,1290,2011,9,3,0,0,드라마,한국,1,18.1,24.6,905988,6,1,1
의뢰인,1291,2011,9,3,0,0,스릴러,한국,1,16.9,19.5,69304,6,2,1
어브덕션,1292,2011,9,3,0,0,액션,미국,0,16.9,19.5,92970,2,5,0
카운트다운,1293,2011,9,3,0,0,드라마,한국,1,16.9,19.5,42335,4,3,0
코쿠리코 언덕에서,1294,2011,9,3,0,0,애니메이션,일본,0,16.9,19.5,87579,2,6,0
투혼,1295,2011,10,3,0,0,드라마,한국,1,16.5,20.2,115854,3,5,0
리얼 스틸,1296,2011,10,2,0,0,액션,미국,0,14.7,18.7,80943,10,1,1
삼총사 3D,1297,2011,10,2,0,0,액션,독일,0,14.7,18.7,45890,4,4,0
히트,1298,2011,10,3,0,0,드라마,한국,1,16.6,23.4,25841,2,8,0
오직 그대만,1299,2011,10,3,0,0,멜로/로맨스,한국,1,15.5,20.9,48340,5,3,1
파라노말 액티비티 3,1300,2011,10,3,0,0,공포(호러),미국,0,15.5,20.9,72238,2,7,0
완득이,1301,2011,10,3,0,0,드라마,한국,1,15.5,20.9,58908,10,1,1
오늘,1302,2011,10,3,0,0,드라마,한국,1,12.7,19.5,40053,3,10,0
인 타임,1303,2011,10,3,0,0,SF,미국,0,12.7,19.5,249084,4,4,0
프렌즈 위드 베네핏,1304,2011,10,3,0,0,코미디,미국,0,12.7,19.5,57552,1,8,0
커플즈,1305,2011,11,2,0,0,멜로/로맨스,한국,1,16.2,21.5,221931,2,3,0
쟈니 잉글리쉬2 : 네버다이,1306,2011,11,2,0,0,코미디,미국,0,16.2,21.5,25918,1,10,0
청원,1307,2011,11,2,0,0,드라마,인도,0,16.2,21.5,34791,1,8,0
더 킥,1308,2011,11,3,0,0,액션,한국,1,16.8,24.3,32190,1,9,0
헬프,1309,2011,11,3,0,0,드라마,미국,0,16.8,24.3,46697,2,7,0
Mr.아이돌,1310,2011,11,3,0,0,드라마,한국,1,16.8,24.3,49777,1,6,0
너는 펫,1311,2011,11,3,0,0,멜로/로맨스,한국,1,14.1,17.0,252959,4,4,0
신들의 전쟁,1312,2011,11,3,0,0,드라마,미국,0,14.1,17.0,599448,4,2,1
티끌모아 로맨스,1313,2011,11,3,0,0,멜로/로맨스,한국,1,14.1,17.0,190097,3,5,0
머니볼,1314,2011,11,3,0,0,드라마,미국,0,13.6,16.3,282378,4,3,0
드라이브,1315,2011,11,3,0,0,액션,미국,0,13.6,16.3,5931,2,6,0
타워 하이스트,1316,2011,11,3,0,0,액션,미국,0,13.6,16.3,57490,1,7,0
완벽한 파트너,1317,2011,11,3,0,0,코미디,한국,1,13.6,16.3,50461,1,8,0
특수본,1318,2011,11,3,0,0,액션,한국,1,-1.6,2.0,422147,4,2,1
50/50,1319,2011,11,3,0,0,코미디,미국,0,-1.6,2.0,55516,2,9,0
아더 크리스마스,1320,2011,11,4,0,0,애니메이션,미국,0,2.8,7.2,192994,5,5,0
브레이킹 던 part1,1321,2011,11,2,0,0,드라마,미국,0,4.7,9.2,94392,4,1,1
오싹한 연애,1322,2011,12,3,0,1,공포(호러),한국,1,5.8,9.0,499592,6,1,1
틴틴 : 유니콘호의 비밀,1323,2011,12,2,0,1,애니메이션,미국,0,4.0,5.7,483421,3,2,0
블리츠,1324,2011,12,2,0,1,스릴러,영국,0,4.0,5.7,46460,1,7,0
결정적 한방,1325,2011,12,2,0,1,코미디,한국,1,4.0,5.7,40272,2,9,0
미션임파서블:고스트프로토콜,1326,2011,12,3,0,1,액션,미국,0,-3.9,-0.9,1734613,8,1,1
앨빈과 슈퍼밴드3,1327,2011,12,3,0,1,애니메이션,미국,0,-3.9,-0.9,188014,3,4,0
마이 웨이,1328,2011,12,2,0,1,전쟁,한국,1,1.9,5.2,1015850,4,2,1
셜록홈즈 : 그림자 게임,1329,2011,12,2,0,1,액션,미국,0,1.9,5.2,682087,4,2,1
퍼펙트 게임,1330,2011,12,2,0,1,드라마,한국,1,1.9,5.2,61133,5,4,1
극장판 포켓몬스터 베스트 위시 「비크티니와 흑의 영웅 제크로무」,1331,2011,12,3,0,1,애니메이션,일본,0,-5.5,1.1,126003,2,8,0
극장판 포켓몬스터 베스트 위시「비크티니와 백의 영웅 레시라무」,1332,2011,12,3,0,1,애니메이션,일본,0,-5.5,1.1,144048,3,7,0
프렌즈: 몬스터섬의비밀 ,1333,2011,12,3,0,1,애니메이션,일본,0,-1.7,1.7,198516,3,6,0
다크아워,1334,2012,1,3,0,1,SF,미국,0,-5.7,-1.3,116655,1,8,0
원더풀 라디오,1335,2012,1,3,0,1,드라마,한국,1,-5.7,-1.3,394454,3,3,0
밀레니엄 : 여자를 증오한 남자들,1336,2012,1,2,0,1,스릴러,미국,0,-6.0,-3.3,230824,3,5,0
초한지 - 천하대전,1337,2012,1,2,0,1,액션,중국,0,-6.0,-3.3,70088,1,10,0
코알라 키드 : 영웅의 탄생,1338,2012,1,3,0,1,애니메이션,한국,1,-4.6,-0.4,81544,1,8,0
장화신은 고양이,1339,2012,1,3,0,1,애니메이션,미국,0,-4.6,-0.4,715223,4,1,1
우리는 동물원을 샀다,1340,2012,1,2,0,1,가족,미국,0,1.4,5.4,105271,2,8,0
부러진 화살,1341,2012,1,2,0,1,드라마,한국,1,1.4,5.4,464970,6,2,1
네버엔딩 스토리,1342,2012,1,2,0,1,코미디,한국,1,1.4,5.4,133488,2,7,0
댄싱퀸,1343,2012,1,2,0,1,코미디,한국,1,1.4,5.4,628690,8,1,1
페이스메이커,1344,2012,1,2,0,1,드라마,한국,1,1.4,5.4,177498,2,6,0
잃어버린 세계를 찾아서 2: 신비의 섬,1345,2012,1,3,0,1,액션,미국,0,5.3,8.4,377324,3,3,1
점박이:한반도의 공룡3D,1346,2012,1,3,0,1,애니메이션,한국,1,-2.9,1.8,369804,5,4,0
파파,1347,2012,2,2,0,0,가족,한국,1,-12.8,-8.1,279615,3,5,0
범죄와의 전쟁: 나쁜놈들 전성시대,1348,2012,2,3,0,0,범죄,한국,1,-13.7,-9.5,1094735,7,1,1
하이힐을 신고 달리는 여자,1349,2012,2,3,0,0,코미디,미국,0,-13.7,-9.5,39613,1,10,0
해피 피트 2,1350,2012,2,3,0,0,애니메이션,호주,0,-13.7,-9.5,110633,2,7,0
토르: 마법망치의 전설,1351,2012,2,3,0,0,애니메이션,아이슬란드,0,-4.5,-0.5,209106,4,4,0
워 호스,1352,2012,2,3,0,0,전쟁,미국,0,-4.5,-0.5,65774,1,8,0
팅커 테일러 솔저 스파이,1353,2012,2,3,0,0,스릴러,영국,0,-4.5,-0.5,56435,1,9,0
하울링,1354,2012,2,3,0,0,범죄,한국,1,-2.8,2.7,640760,4,1,1
고스트 라이더 : 복수의 화신,1355,2012,2,3,0,0,액션,미국,0,-2.8,2.7,79483,1,9,0
우먼 인 블랙,1356,2012,2,3,0,0,드라마,영국,0,-2.8,2.7,71428,1,10,0
더 그레이,1357,2012,2,3,0,0,액션,미국,0,-2.8,2.7,184424,2,6,0
맨 온 렛지,1358,2012,2,2,0,0,범죄,미국,0,5.8,12.1,330234,3,3,0
언더월드 4: 어웨이크닝,1359,2012,2,2,0,0,액션,미국,0,5.8,12.1,141376,1,6,0
철의 여인,1360,2012,2,3,0,0,드라마,영국,0,4.4,8.2,56953,2,10,0
러브픽션,1361,2012,2,2,0,0,멜로/로맨스,한국,1,5.4,11.8,1011693,4,1,1
디스 민즈 워,1362,2012,2,2,0,0,액션,미국,0,5.4,11.8,337871,6,3,0
세이프 하우스,1363,2012,2,2,0,0,액션,미국,0,5.4,11.8,117030,2,7,0
액트 오브 밸러: 최정예 특수부대 ,1364,2012,2,2,0,0,액션,미국,0,5.4,11.8,96948,2,9,0
화차,1365,2012,3,3,0,0,미스터리,한국,1,2.0,5.2,688931,5,1,1
존 카터: 바숨 전쟁의 서막 ,1366,2012,3,3,0,0,SF,미국,0,2.0,5.2,415966,4,2,0
서약,1367,2012,3,2,0,0,드라마,미국,0,3.6,5.9,165272,2,6,0
가비,1368,2012,3,3,0,0,드라마,한국,1,5.5,11.8,166449,3,5,0
크로니클,1369,2012,3,3,0,0,액션,미국,0,5.5,11.8,236997,3,3,0
저스티스,1370,2012,3,3,0,0,액션,미국,0,5.5,11.8,28997,1,10,0
건축학개론,1371,2012,3,3,0,0,멜로/로맨스,한국,1,7.8,11.4,80957,10,1,1
언터처블: 1%의 우정,1372,2012,3,3,0,0,코미디,프랑스,0,7.8,11.4,441691,7,2,1
콘트라밴드,1373,2012,3,3,0,0,액션,미국,0,7.8,11.4,37197,2,10,0
시체가 돌아왔다,1374,2012,3,3,0,0,범죄,한국,1,11.6,16.2,364256,5,3,0
타이탄의 분노,1375,2012,3,3,0,0,액션,미국,0,11.6,16.2,555402,3,2,0
헝거게임: 판엠의 불꽃,1376,2012,4,3,0,0,액션,미국,0,6.7,12.2,316335,4,4,0
코난: 암흑의 시대,1377,2012,4,3,0,0,판타지,미국,0,6.7,12.2,23823,1,8,0
인류멸망 보고서,1378,2012,4,2,0,0,SF,한국,1,12.2,17.4,72024,1,9,0
배틀쉽,1379,2012,4,2,0,0,SF,미국,0,12.2,17.4,1197533,4,1,1
간기남,1380,2012,4,2,0,0,코미디,한국,1,12.2,17.4,8554,6,2,1
하트 브레이커,1381,2012,4,3,0,0,코미디,프랑스,0,17.0,24.3,29390,1,10,0
킹메이커,1382,2012,4,3,0,0,드라마,미국,0,17.0,24.3,34776,1,9,0
은교,1383,2012,4,2,0,0,멜로/로맨스,한국,1,15.1,20.7,550734,5,2,1
어벤져스,1384,2012,4,3,0,0,액션,미국,0,11.9,16.8,1638507,8,1,1
짱구는 못말려 극장판: 태풍을 부르는 황금스파이 대작전,1385,2012,4,3,0,0,애니메이션,일본,0,11.9,16.8,92885,3,6,0
로렉스,1386,2012,5,3,0,0,애니메이션,미국,0,20.0,25.4,201154,3,6,0
코리아,1387,2012,5,3,0,0,드라마,한국,1,20.0,25.4,582890,5,2,1
백설공주,1388,2012,5,3,0,0,판타지,미국,0,20.0,25.4,278427,3,4,0
다크 섀도우,1389,2012,5,3,0,0,드라마,미국,0,20.1,26.6,375807,3,3,0
내 아내의 모든 것,1390,2012,5,3,0,0,코미디,한국,1,16.6,20.5,95342,10,2,1
돈의 맛,1391,2012,5,3,0,0,드라마,한국,1,16.6,20.5,569317,4,3,1
콜드 라잇 오브 데이,1392,2012,5,3,0,0,액션,미국,0,16.6,20.5,61555,2,9,0
맨 인 블랙 3,1393,2012,5,3,0,0,액션,미국,0,19.7,24.0,1212904,5,1,1
극장판 썬더일레븐GO : 궁극의 우정 그리폰,1394,2012,5,3,0,0,애니메이션,일본,0,19.7,24.0,41736,2,7,0
미확인 동영상 : 절대클릭금지,1395,2012,5,2,0,0,공포(호러),한국,1,20.7,23.6,352341,3,5,0
스노우 화이트 앤 더 헌츠맨,1396,2012,5,2,0,0,액션,미국,0,20.7,23.6,72016,3,4,0
차형사,1397,2012,5,2,0,0,코미디,한국,1,20.7,23.6,449796,5,3,1
후궁 : 제왕의 첩,1398,2012,6,2,0,0,사극,한국,1,23.0,28.9,975504,5,1,1
마다가스카3 : 이번엔 서커스다!,1399,2012,6,2,0,0,애니메이션,미국,0,23.0,28.9,42190,7,3,1
프로메테우스,1400,2012,6,2,0,0,SF,미국,0,23.0,28.9,549248,4,4,0
락아웃: 익스트림미션,1401,2012,6,3,0,0,SF,미국,0,24.8,31.7,237852,3,6,0
사다코 3D : 죽음의 동영상,1402,2012,6,3,0,0,공포(호러),일본,0,24.8,31.7,87861,1,9,0
더 씽,1403,2012,6,3,0,0,공포(호러),미국,0,24.8,31.7,33566,1,10,0
미쓰GO,1404,2012,6,3,0,0,액션,한국,1,25.7,32.4,330474,2,2,0
아부의 왕,1405,2012,6,3,0,0,코미디,한국,1,25.7,32.4,267256,3,5,0
페이스 블라인드,1406,2012,6,3,0,0,범죄,미국,0,25.7,32.4,53038,1,10,0
어메이징 스파이더맨,1407,2012,6,3,0,0,액션,미국,0,25.3,29.6,1696133,5,1,1
캐빈 인 더 우즈,1408,2012,6,3,0,0,공포(호러),미국,0,25.3,29.6,127281,2,7,0
더 레이븐,1409,2012,7,3,1,0,스릴러,미국,0,22.7,24.6,87565,2,7,0
연가시,1410,2012,7,3,1,0,공포(호러),한국,1,22.7,24.6,1326499,5,1,1
미드나잇 인 파리,1411,2012,7,3,1,0,코미디,미국,0,22.7,24.6,76076,4,6,0
모모와 다락방의 수상한 요괴들,1412,2012,7,3,1,0,애니메이션,일본,0,22.7,24.6,110403,3,5,0
나는 공무원이다,1413,2012,7,3,1,0,코미디,한국,1,24.7,28.5,155080,2,4,0
두 개의 달,1414,2012,7,3,1,0,공포(호러),한국,1,24.7,28.5,236976,3,3,0
리미트리스,1415,2012,7,3,1,0,미스터리,미국,0,24.7,28.5,71452,2,7,0
다크 나이트 라이즈,1416,2012,7,3,1,0,액션,미국,0,23.9,26.5,2434082,8,1,1
5백만불의 사나이,1417,2012,7,3,1,0,코미디,한국,1,23.9,26.5,79594,1,6,0
명탐정 코난: 11번째 스트라이커,1418,2012,7,3,1,0,애니메이션,일본,0,23.9,26.5,204364,4,4,0
도둑들,1419,2012,7,2,1,0,액션,한국,1,27.9,32.1,2858081,10,1,1
무서운 이야기,1420,2012,7,2,1,0,공포(호러),한국,1,27.9,32.1,138188,3,5,0
아이스 에이지 4: 대륙 이동설,1421,2012,7,2,1,0,애니메이션,미국,0,27.9,32.1,468293,4,3,1
극장판 도라에몽: 진구와 기적의 섬 애니멀 어드벤처,1422,2012,7,2,1,0,애니메이션,일본,0,27.9,32.1,57479,2,8,0
새미의 어드벤쳐 2,1423,2012,8,2,1,0,애니메이션,벨기에,0,30.8,35.3,546924,5,4,1
락 오브 에이지,1424,2012,8,3,1,0,뮤지컬,미국,0,30.8,35.5,64680,1,10,0
바람과 함께 사라지다,1425,2012,8,2,1,0,코미디,한국,1,29.6,34.3,1327282,6,2,1
나는 왕이로소이다,1426,2012,8,2,1,0,사극,한국,1,29.6,34.3,81608,4,5,0
빌리와 용감한 녀석들 3D,1427,2012,8,2,1,0,애니메이션,독일,0,29.6,34.3,123097,3,7,0
R2B: 리턴투베이스,1428,2012,8,2,1,0,액션,한국,1,23.7,27.1,719990,3,4,1
토탈 리콜,1429,2012,8,2,1,0,SF,미국,0,23.7,27.1,780741,3,3,1
스텝업4 : 레볼루션,1430,2012,8,2,1,0,멜로/로맨스,미국,0,23.7,27.1,22245,5,5,0
이웃사람,1431,2012,8,2,1,0,스릴러,한국,1,22.0,24.6,1094405,4,1,1
공모자들,1432,2012,8,2,1,0,범죄,한국,1,25.7,29.1,745259,4,2,1
링컨: 뱀파이어 헌터,1433,2012,8,3,1,0,액션,미국,0,21.4,24.7,235784,2,5,0
577 프로젝트,1434,2012,8,3,1,0,코미디,한국,1,21.4,24.7,60291,2,9,0
피에타,1435,2012,9,3,0,0,드라마,한국,1,21.6,27.1,68176,5,4,0
본 레거시,1436,2012,9,3,0,0,액션,미국,0,21.6,27.1,619938,3,1,0
익스펜더블 2,1437,2012,9,3,0,0,액션,미국,0,21.6,27.1,278804,3,4,0
"광해, 왕이 된 남자",1438,2012,9,3,0,0,사극,한국,1,20.0,21.1,1272584,14,1,1
레지던트 이블 5 : 최후의 심판,1439,2012,9,3,0,0,액션,미국,0,20.0,21.1,304410,3,2,0
늑대아이,1440,2012,9,3,0,0,애니메이션,일본,0,20.0,21.1,83874,4,7,0
간첩,1441,2012,9,3,0,0,드라마,한국,1,20.1,24.7,414518,4,2,1
테드: 황금도시 파이티티를 찾아서,1442,2012,9,3,0,0,애니메이션,스페인,0,20.1,24.7,83929,3,6,0
메리다와 마법의 숲,1443,2012,9,3,0,0,애니메이션,미국,0,20.3,23.6,218383,6,3,1
테이큰 2,1444,2012,9,3,0,0,액션,프랑스,0,20.3,23.6,959697,4,2,1
19곰 테드,1445,2012,9,3,0,0,코미디,미국,0,20.3,23.6,83148,3,5,0
점쟁이들,1446,2012,10,2,0,0,코미디,한국,1,19.9,26.0,53364,4,4,0
회사원,1447,2012,10,3,0,0,액션,한국,1,13.9,19.0,583166,3,2,1
루퍼,1448,2012,10,3,0,0,SF,미국,0,13.9,19.0,245307,4,3,0
위험한 관계,1449,2012,10,3,0,0,멜로/로맨스,한국,1,13.9,19.0,139244,3,5,0
프랑켄위니,1450,2012,10,3,0,0,애니메이션,미국,0,13.9,19.0,29930,1,10,0
조조-황제의 반란,1451,2012,10,3,0,0,사극,중국,0,11.6,17.0,48684,2,8,0
용의자X,1452,2012,10,3,0,0,미스터리,한국,1,11.6,17.0,623131,5,2,1
로우리스: 나쁜 영웅들,1453,2012,10,3,0,0,액션,미국,0,11.6,17.0,41467,1,9,0
강철대오:구국의 철가방,1454,2012,10,3,0,0,코미디,한국,1,15.2,20.0,152090,3,4,0
파라노말 액티비티4,1455,2012,10,3,0,0,스릴러,미국,0,15.2,20.0,42948,1,8,0
007 스카이폴,1456,2012,10,4,0,0,액션,미국,0,15.9,22.3,871179,5,1,1
늑대소년,1457,2012,10,2,0,0,멜로/로맨스,한국,1,6.9,11.6,1291916,6,1,1
복숭아나무,1458,2012,10,2,0,0,멜로/로맨스,한국,1,6.9,11.6,21969,1,9,0
아르고,1459,2012,10,2,0,0,스릴러,미국,0,6.9,11.6,77394,2,5,0
나우이즈굿 ,1460,2012,11,3,0,0,드라마,영국,0,8.8,12.6,34048,2,8,0
업사이드 다운,1461,2012,11,3,0,0,SF,캐나다,0,8.8,12.6,125873,2,5,0
밀림의 왕자 레오2,1462,2012,11,3,0,0,애니메이션,일본,0,8.8,12.6,25725,1,9,0
내가 살인범이다,1463,2012,11,3,0,0,액션,한국,1,8.8,12.6,58673,7,2,1
살인소설,1464,2012,11,3,0,0,미스터리,미국,0,4.2,9.8,33345,1,8,0
자칼이 온다,1465,2012,11,3,0,0,코미디,한국,1,4.2,9.8,133459,2,6,0
브레이킹 던 part2,1466,2012,11,3,0,0,드라마,미국,0,4.2,9.8,1080606,5,2,1
철가방 우수氏,1467,2012,11,3,0,0,드라마,한국,1,6.7,10.5,26889,1,10,0
돈 크라이 마미,1468,2012,11,3,0,0,스릴러,한국,1,6.7,10.5,536041,3,4,0
남영동1985,1469,2012,11,3,0,0,드라마,한국,1,6.7,10.5,181245,2,5,0
26년,1470,2012,11,3,0,0,액션,한국,1,0.8,4.7,790733,4,1,1
음치 클리닉 ,1471,2012,11,3,0,0,멜로/로맨스,한국,1,0.8,4.7,38148,3,7,0
가디언즈,1472,2012,11,3,0,0,애니메이션,미국,0,0.8,4.7,56846,5,3,1
늑대소년-확장판,1473,2012,12,3,0,1,멜로/로맨스,한국,1,-6.3,-2.9,183010,2,5,0
나의 PS 파트너 ,1474,2012,12,3,0,1,멜로/로맨스,한국,1,-6.3,-2.9,556213,5,2,1
원 데이,1475,2012,12,3,0,1,드라마,미국,0,-1.5,3.4,98827,3,6,0
극장판 파워레인저: 캡틴포스 VS 미라클포스 199 히어로 대결전 ,1476,2012,12,3,0,1,애니메이션,일본,0,-1.5,3.4,51644,1,9,0
호빗: 뜻밖의 여정,1477,2012,12,3,0,1,어드벤처,미국,0,-1.5,3.4,1081448,4,1,1
극장판 포켓몬스터 베스트위시「메로엣타의 반짝반짝 음악회」,1478,2012,12,2,0,1,애니메이션,일본,0,-6.9,-2.8,159127,1,9,0
반창꼬,1479,2012,12,2,0,1,멜로/로맨스,한국,1,-6.9,-2.8,673156,4,3,1
극장판 포켓몬스터 베스트위시「큐레무 VS 성검사 케르디오」,1480,2012,12,2,0,1,애니메이션,일본,0,-6.9,-2.8,187680,2,8,0
레미제라블,1481,2012,12,2,0,1,드라마,미국,0,-6.9,-2.8,1264835,8,1,1
가문의 영광5 - 가문의 귀환,1482,2012,12,2,0,1,코미디,한국,1,-6.9,-2.8,522076,3,4,1
주먹왕 랄프,1483,2012,12,2,0,1,애니메이션,미국,0,-6.9,-2.8,255824,4,6,0
니코: 산타비행단의 모험,1484,2012,12,1,0,1,애니메이션,핀란드,0,-8.9,-4.6,204801,2,7,0
타워,1485,2012,12,1,0,1,드라마,한국,1,-8.9,-4.6,1678011,5,1,1
잠베지아: 신비한 나무섬의 비밀,1486,2012,12,1,0,1,애니메이션,남아프리카공화국,0,-8.9,-4.6,184379,3,7,0
라이프 오브 파이,1487,2013,1,1,0,1,어드벤처,미국,0,-4.7,0.0,605711,6,4,1
클라우드 아틀라스,1488,2013,1,2,0,1,SF,미국,0,-9.0,-6.4,296098,2,5,0
박수건달,1489,2013,1,2,0,1,코미디,한국,1,-9.0,-6.4,1021193,5,1,1
마이 리틀 히어로,1490,2013,1,2,0,1,드라마,한국,1,-9.0,-6.4,114367,2,8,0
파이스토리 : 악당상어 소탕작전,1491,2013,1,3,0,1,애니메이션,미국,0,-8.3,-3.6,151009,2,7,0
더 임파서블,1492,2013,1,3,0,1,액션,스페인,0,-5.8,-2.5,333189,3,6,0
잭 리처,1493,2013,1,3,0,1,액션,미국,0,-5.8,-2.5,464588,3,4,0
몬스터 호텔,1494,2013,1,3,0,1,애니메이션,미국,0,-5.8,-2.5,390552,3,4,0
뽀로로 극장판 슈퍼썰매 대모험,1495,2013,1,2,0,1,애니메이션,한국,1,1.8,3.8,356506,4,3,0
7번방의 선물,1496,2013,1,2,0,1,코미디,한국,1,1.8,3.8,1731352,11,1,1
명탐정 코난:은빛 날개의 마술사,1497,2013,1,3,0,1,애니메이션,일본,0,-0.9,2.4,101521,2,8,0
베를린,1498,2013,1,2,0,1,액션,한국,1,5.4,8.5,2248142,7,2,1
다이하드: 굿 데이 투 다이,1499,2013,2,2,0,0,액션,미국,0,-1.5,0.2,625114,3,3,1
남쪽으로 튀어,1500,2013,2,2,0,0,코미디,한국,1,-1.5,0.2,391617,2,4,0
눈의 여왕,1501,2013,2,3,0,0,애니메이션,러시아,0,-11.1,-2.6,82403,2,6,0
실버라이닝 플레이북,1502,2013,2,3,0,0,멜로/로맨스,미국,0,1.1,5.2,65362,1,10,0
해양경찰 마르코,1503,2013,2,3,0,0,어드벤처,덴마크,0,1.1,5.2,95762,2,9,0
남자사용설명서,1504,2013,2,3,0,0,코미디,한국,1,1.1,5.2,259180,3,4,0
헨젤과 그레텔: 마녀 사냥꾼 3D,1505,2013,2,3,0,0,액션,미국,0,1.1,5.2,177245,2,6,0
더 자이언트,1506,2013,2,3,0,0,애니메이션,미국,0,-1.7,2.5,63596,2,8,0
신세계,1507,2013,2,3,0,0,범죄,한국,1,-1.7,2.5,1030517,8,1,1
분노의 윤리학,1508,2013,2,3,0,0,스릴러,한국,1,-1.7,2.5,142321,2,5,0
빌리와 용감한 녀석들 2 ,1509,2013,2,3,0,0,애니메이션,인도,0,-1.7,2.5,110144,3,7,0
차이니즈 조디악,1510,2013,2,2,0,0,액션,중국,0,3.4,8.8,214428,2,6,0
스토커,1511,2013,2,3,0,0,드라마,미국,0,6.7,13.9,237874,2,5,0
잭 더 자이언트 킬러,1512,2013,2,3,0,0,판타지,미국,0,6.7,13.9,659848,3,3,0
오즈 그레이트 앤드 파워풀,1513,2013,3,3,0,0,판타지,미국,0,8.0,11.7,228686,2,4,0
제로 다크 서티,1514,2013,3,3,0,0,전쟁,미국,0,8.0,11.7,70165,1,9,0
사이코메트리,1515,2013,3,3,0,0,미스터리,한국,1,8.0,11.7,289783,3,3,0
파파로티,1516,2013,3,3,0,0,드라마,한국,1,4.1,9.8,431391,6,2,1
글래디에이터: 로마 영웅 탄생의 비밀 3D,1517,2013,3,3,0,0,애니메이션,이탈리아,0,4.1,9.8,34084,1,10,0
링컨,1518,2013,3,3,0,0,드라마,미국,0,4.1,9.8,69758,2,7,0
웜 바디스,1519,2013,3,3,0,0,멜로/로맨스,미국,0,4.1,9.8,504656,4,2,1
지슬 - 끝나지 않은 세월2,1520,2013,3,3,0,0,드라마,한국,1,1.5,7.2,30897,2,9,0
안나 카레니나,1521,2013,3,3,0,0,드라마,미국,0,1.5,7.2,60973,2,7,0
장고:분노의 추적자,1522,2013,3,3,0,0,서부극(웨스턴),미국,0,1.5,7.2,142577,2,6,0
연애의 온도,1523,2013,3,3,0,0,멜로/로맨스,한국,1,1.5,7.2,638320,5,1,1
원피스 극장판 Z,1524,2013,3,3,0,0,애니메이션,일본,0,1.5,7.2,50567,2,8,0
지.아이.조 2,1525,2013,3,3,0,0,액션,미국,0,7.3,12.0,829854,4,1,1
웃는 남자,1526,2013,3,3,0,0,미스터리,프랑스,0,7.3,12.0,36998,1,9,0
런닝맨,1527,2013,4,3,0,0,액션,한국,1,12.6,19.8,568642,5,2,1
호스트,1528,2013,4,3,0,0,SF,미국,0,12.6,19.8,34564,1,8,0
호프 스프링즈,1529,2013,4,3,0,0,멜로/로맨스,미국,0,12.6,19.8,28920,2,10,0
전설의 주먹,1530,2013,4,2,0,0,드라마,한국,1,5.0,8.1,655170,6,1,1
오블리비언,1531,2013,4,3,0,0,액션,미국,0,5.5,9.6,628427,5,1,1
꼬마영웅 경찰차 프로디,1532,2013,4,3,0,0,애니메이션,노르웨이,0,5.5,9.6,29380,1,8,0
노리개,1533,2013,4,3,0,0,드라마,한국,1,12.3,16.3,101423,2,4,0
로마 위드 러브,1534,2013,4,3,0,0,코미디,미국,0,12.3,16.3,56847,5,8,0
송 포 유,1535,2013,4,3,0,0,코미디,영국,0,12.3,16.3,93116,4,5,0
뷰티풀 크리처스,1536,2013,4,3,0,0,스릴러,미국,0,12.3,16.3,56897,1,7,0
피노키오: 당나귀 섬의 비밀,1537,2013,4,3,0,0,애니메이션,이탈리아,0,9.3,13.8,35229,1,9,0
아이언맨 3,1538,2013,4,3,0,0,액션,미국,0,9.3,13.8,2625256,6,1,1
짱구는 못말려 극장판:태풍을 부르는 나와 우주의 프린세스,1539,2013,4,3,0,0,애니메이션,일본,0,9.3,13.8,77805,3,4,0
에반게리온: Q,1540,2013,4,3,0,0,애니메이션,일본,0,9.3,13.8,32592,1,10,0
전국노래자랑,1541,2013,5,2,0,0,코미디,한국,1,13.2,18.6,446002,4,2,0
폭풍우 치는 밤에: 비밀 친구,1542,2013,5,2,0,0,애니메이션,일본,0,13.2,18.6,31458,1,9,0
고령화 가족,1543,2013,5,3,0,0,드라마,한국,1,18.1,23.0,513699,4,2,1
스니치,1544,2013,5,3,0,0,액션,미국,0,18.1,23.0,29605,2,6,0
몽타주,1545,2013,5,3,0,0,스릴러,한국,1,22.0,28.3,643646,5,2,1
미나문방구,1546,2013,5,3,0,0,드라마,한국,1,22.0,28.3,211559,2,6,0
크루즈 패밀리,1547,2013,5,3,0,0,애니메이션,미국,0,22.0,28.3,62312,7,4,0
위대한 개츠비,1548,2013,5,3,0,0,드라마,미국,0,22.0,28.3,620107,5,3,1
비포 미드나잇,1549,2013,5,2,0,0,멜로/로맨스,미국,0,19.7,25.9,68234,3,8,0
분노의 질주: 더 맥시멈,1550,2013,5,2,0,0,액션,미국,0,19.7,25.9,814366,4,1,1
스타트렉 다크니스,1551,2013,5,3,0,0,액션,미국,0,19.2,25.0,58875,6,2,1
뜨거운 안녕,1552,2013,5,3,0,0,드라마,한국,1,19.2,25.0,34510,1,10,0
애프터 어스,1553,2013,5,3,0,0,SF,미국,0,19.2,25.0,395956,2,4,0
은밀하게 위대하게,1554,2013,6,2,0,0,액션,한국,1,24.8,30.4,3482356,7,1,1
무서운 이야기 2,1555,2013,6,2,0,0,미스터리,한국,1,24.8,30.4,344250,3,3,0
백악관 최후의 날,1556,2013,6,2,0,0,액션,미국,0,24.8,30.4,112874,2,7,0
극장판 썬더일레븐 GO VS 골판지 전사 W,1557,2013,6,2,0,0,애니메이션,일본,0,24.8,30.4,30210,1,10,0
맨 오브 스틸,1558,2013,6,3,0,0,SF,미국,0,23.0,27.5,1205635,4,2,1
닥터,1559,2013,6,3,0,0,스릴러,한국,1,25.8,31.1,43702,1,6,0
월드 워 Z,1560,2013,6,3,0,0,드라마,미국,0,25.8,31.1,1544005,6,1,1
토토의 움직이는 숲,1561,2013,6,3,0,0,애니메이션,덴마크,0,25.8,31.1,33876,2,7,0
더 콜,1562,2013,6,3,0,0,스릴러,미국,0,25.8,31.1,49611,2,5,0
꼭두각시,1563,2013,6,3,0,0,공포(호러),한국,1,25.8,31.1,21027,1,10,0
더 웹툰: 예고살인,1564,2013,6,3,0,0,공포(호러),한국,1,25.1,31.8,474264,5,2,1
화이트 하우스 다운,1565,2013,6,3,0,0,액션,미국,0,25.1,31.8,337380,3,4,0
빅 웨딩,1566,2013,6,3,0,0,멜로/로맨스,미국,0,25.1,31.8,21157,2,10,0
감시자들,1567,2013,7,2,1,0,범죄,한국,1,25.2,30.7,1774952,6,1,1
론 레인저,1568,2013,7,3,1,0,액션,미국,0,24.9,27.6,252106,3,4,0
쿵후팬더: 영웅의 탄생,1569,2013,7,3,1,0,애니메이션,중국,0,24.9,27.6,40558,2,8,0
퍼시픽 림,1570,2013,7,3,1,0,액션,미국,0,24.6,25.1,1372344,4,2,1
사이드 이펙트,1571,2013,7,3,1,0,스릴러,미국,0,24.6,25.1,23240,1,9,0
미스터 고,1572,2013,7,2,1,0,코미디,한국,1,24.2,25.7,17058,4,4,1
레드: 더 레전드,1573,2013,7,3,1,0,액션,미국,0,25.1,27.7,965121,5,1,1
토니 스토리: 깡통제국의 비밀,1574,2013,7,3,1,0,애니메이션,독일,0,25.1,27.7,41100,1,8,0
더 울버린,1575,2013,7,3,1,0,액션,미국,0,26.0,30.2,776747,3,2,1
터보,1576,2013,7,3,1,0,애니메이션,미국,0,26.0,30.2,72805,6,3,1
극장판 도라에몽: 진구의 비밀도구 박물관,1577,2013,7,3,1,0,애니메이션,일본,0,26.0,30.2,54682,2,9,0
더 테러 라이브,1578,2013,7,2,1,0,범죄,한국,1,26.4,29.0,125988,7,2,1
설국열차,1579,2013,8,3,1,0,SF,한국,1,28.0,32.1,3296205,8,1,1
개구쟁이 스머프 2,1580,2013,8,3,1,0,애니메이션,미국,0,28.0,32.1,438269,4,5,0
명탐정 코난 : 수평선상의 음모,1581,2013,8,2,1,0,애니메이션,일본,0,28.7,32.1,204491,2,6,0
에픽 : 숲속의 전설 ,1582,2013,8,2,1,0,애니메이션,미국,0,28.7,32.1,405590,3,3,0
감기,1583,2013,8,2,1,0,드라마,한국,1,28.6,32.0,126094,5,3,1
슈퍼윙스 3D,1584,2013,8,2,1,0,애니메이션,러시아,0,28.6,32.0,31823,1,10,0
숨바꼭질,1585,2013,8,2,1,0,스릴러,한국,1,28.6,32.0,2109227,5,1,1
R.I.P.D. : 알.아이.피.디.,1586,2013,8,3,1,0,액션,미국,0,29.3,32.3,73875,1,7,0
나우 유 씨 미 : 마술사기단,1587,2013,8,3,1,0,범죄,미국,0,29.3,32.3,1066907,5,1,1
일대종사,1588,2013,8,3,1,0,액션,중국,0,29.3,32.3,49706,2,8,0
드래곤볼Z : 신들의 전쟁,1589,2013,8,3,1,0,애니메이션,일본,0,25.5,26.7,33838,1,9,0
엘리시움,1590,2013,8,3,1,0,SF,미국,0,25.5,26.7,705948,3,3,1
잡스,1591,2013,8,3,1,0,드라마,미국,0,25.5,26.7,159142,2,6,0
스파이,1592,2013,9,3,0,0,액션,한국,1,21.2,24.1,987510,5,1,1
바람이 분다,1593,2013,9,3,0,0,애니메이션,일본,0,21.2,24.1,77237,1,8,0
관상,1594,2013,9,2,0,0,사극,한국,1,20.1,20.9,2592394,7,1,1
슈퍼배드 2,1595,2013,9,3,0,0,애니메이션,미국,0,23.0,26.3,80295,7,5,0
섀도우 헌터스: 뼈의 도시,1596,2013,9,3,0,0,판타지,미국,0,23.0,26.3,210536,3,3,0
몬스터 대학교,1597,2013,9,3,0,0,애니메이션,미국,0,23.0,26.3,185235,5,4,0
퍼시 잭슨과 괴물의 바다,1598,2013,9,3,0,0,판타지,미국,0,23.0,26.3,172955,3,5,0
프리버즈: 밍쿠와 찌아의 도시 대탈출,1599,2013,9,1,0,0,애니메이션,아르헨티나,0,22.6,29.3,38812,1,9,0
컨저링,1600,2013,9,1,0,0,공포(호러),미국,0,22.6,29.3,797650,5,2,1
블루 재스민,1601,2013,9,2,0,0,드라마,미국,0,19.5,24.2,52572,1,9,0
히든 카드,1602,2013,9,3,0,0,범죄,미국,0,17.3,22.5,120640,1,4,0
깡철이,1603,2013,10,2,0,0,드라마,한국,1,19.4,22.8,777878,3,1,1
정글번치 : 빙산으로의 귀환,1604,2013,10,2,0,0,애니메이션,프랑스,0,19.4,22.8,40778,1,10,0
프리즈너스,1605,2013,10,2,0,0,범죄,미국,0,19.4,22.8,139888,2,6,0
로덴시아: 마법왕국의 전설,1606,2013,10,2,0,0,애니메이션,페루,0,19.4,22.8,58347,2,9,0
소원,1607,2013,10,2,0,0,드라마,한국,1,19.4,22.8,46819,7,2,1
화이: 괴물을 삼킨 아이,1608,2013,10,2,0,0,액션,한국,1,20.5,26.4,1208035,4,1,1
러시 : 더 라이벌,1609,2013,10,2,0,0,액션,미국,0,20.5,26.4,80429,2,6,0
롤러코스터,1610,2013,10,3,0,0,코미디,한국,1,12.4,18.9,181129,2,4,0
밤의 여왕,1611,2013,10,3,0,0,멜로/로맨스,한국,1,12.4,18.9,169173,2,5,0
그래비티,1612,2013,10,3,0,0,SF,미국,0,12.4,18.9,825484,9,1,1
캡틴 필립스,1613,2013,10,2,0,0,액션,미국,0,16.2,22.1,15452,3,5,0
톱스타,1614,2013,10,3,0,0,드라마,한국,1,13.1,18.5,117018,2,6,0
공범,1615,2013,10,3,0,0,스릴러,한국,1,13.1,18.5,764596,5,2,1
배우는 배우다,1616,2013,10,3,0,0,드라마,한국,1,13.1,18.5,83802,1,7,0
응징자,1617,2013,10,2,0,0,액션,한국,1,10.5,16.2,146346,2,5,0
노브레싱,1618,2013,10,2,0,0,드라마,한국,1,10.5,16.2,280171,3,4,0
토르: 다크 월드,1619,2013,10,2,0,0,액션,미국,0,10.5,16.2,1053070,5,1,1
화이트 고릴라,1620,2013,10,3,0,0,애니메이션,스페인,0,11.7,18.8,30773,2,10,0
동창생,1621,2013,11,2,0,0,액션,한국,1,12.2,15.9,683542,3,2,1
세이프 헤이븐,1622,2013,11,2,0,0,멜로/로맨스,미국,0,12.2,15.9,23305,1,9,0
더 퍼지,1623,2013,11,2,0,0,스릴러,미국,0,12.2,15.9,100317,2,6,0
블랙 가스펠,1624,2013,11,3,0,0,드라마,한국,1,6.7,9.9,21998,1,10,0
카운슬러,1625,2013,11,3,0,0,범죄,미국,0,6.7,9.9,80580,2,7,0
더 파이브,1626,2013,11,3,0,0,스릴러,한국,1,6.7,9.9,309895,3,3,0
친구 2,1627,2013,11,3,0,0,액션,한국,1,6.7,9.9,1374420,5,1,1
하늘에서 음식이 내린다면 2,1628,2013,11,3,0,0,애니메이션,미국,0,2.6,7.3,264204,4,6,0
결혼전야,1629,2013,11,3,0,0,멜로/로맨스,한국,1,2.6,7.3,377141,4,1,1
헝거게임: 캣칭 파이어,1630,2013,11,3,0,0,판타지,미국,0,2.6,7.3,473926,4,2,1
창수,1631,2013,11,3,0,0,드라마,한국,1,-3.8,-0.9,253281,2,5,0
열한시,1632,2013,11,3,0,0,스릴러,한국,1,-3.8,-0.9,445566,3,2,0
리딕,1633,2013,11,3,0,0,SF,미국,0,-3.8,-0.9,93569,1,9,0
버틀러: 대통령의 집사,1634,2013,11,3,0,0,드라마,미국,0,-3.8,-0.9,54503,1,10,0
이스케이프 플랜,1635,2013,12,3,0,1,액션,미국,0,5.5,9.0,132956,3,5,0
어바웃 타임,1636,2013,12,3,0,1,멜로/로맨스,영국,0,5.5,9.0,544719,10,1,1
인시디어스: 두번째 집,1637,2013,12,3,0,1,공포(호러),미국,0,5.5,9.0,273173,3,3,0
집으로 가는 길,1638,2013,12,2,0,1,드라마,한국,1,-1.7,0.2,813928,4,2,1
호빗: 스마우그의 폐허,1639,2013,12,3,0,1,어드벤처,미국,0,-3.2,0.3,970853,4,1,1
변호인,1640,2013,12,2,0,1,드라마,한국,1,2.2,6.5,1733598,8,1,1
캐치미,1641,2013,12,2,0,1,코미디,한국,1,2.2,6.5,290486,2,5,0
다이노소어 어드벤처 3D,1642,2013,12,3,0,1,액션,미국,0,-3.5,-0.9,199719,3,6,0
세이빙 산타,1643,2013,12,3,0,1,애니메이션,영국,0,-3.5,-0.9,91998,2,8,0
비행기,1644,2013,12,3,0,1,애니메이션,미국,0,-3.5,-0.9,103123,2,7,0
용의자,1645,2013,12,1,0,1,액션,한국,1,-1.6,4.0,1808646,5,2,1
썬더와 마법저택,1646,2013,12,1,0,1,애니메이션,벨기에,0,-1.6,4.0,343060,3,5,0
엔더스 게임,1647,2013,12,1,0,1,SF,미국,0,3.8,8.0,516994,2,3,0
월터의 상상은 현실이 된다,1648,2013,12,1,0,1,어드벤처,미국,0,3.8,8.0,494339,3,4,0
저스틴,1649,2013,12,1,0,1,애니메이션,스페인,0,3.8,8.0,202781,1,7,0
타잔 3D,1650,2014,1,3,0,1,애니메이션,독일,0,-7.8,-4.3,343669,3,3,0
"극장판 포켓몬스터 베스트위시: 신의 속도 게노세크트, 뮤츠의 각성",1651,2014,1,3,0,1,애니메이션,일본,0,-7.8,-4.3,224407,2,7,0
더 울프 오브 월스트리트,1652,2014,1,3,0,1,범죄,미국,0,-7.8,-4.3,232703,3,6,0
플랜맨,1653,2014,1,3,0,1,드라마,한국,1,-7.8,-4.3,331728,2,4,0
잭 라이언 : 코드네임 쉐도우,1654,2014,1,3,0,1,액션,미국,0,0.1,3.6,253308,2,5,0
겨울왕국,1655,2014,1,3,0,1,애니메이션,미국,0,0.1,3.6,1198918,11,1,1
수상한 그녀,1656,2014,1,2,0,1,드라마,한국,1,-3.9,1.6,1134897,10,1,1
남자가 사랑할 때,1657,2014,1,2,0,1,멜로/로맨스,한국,1,-3.9,1.6,633540,4,3,1
피끓는 청춘,1658,2014,1,2,0,1,코미디,한국,1,-3.9,1.6,919761,3,3,1
극장판 가면라이더 VS 파워레인저 슈퍼히어로 대전,1659,2014,1,3,0,1,액션,일본,0,-0.8,4.1,41056,1,9,0
조선미녀삼총사,1660,2014,1,2,0,1,코미디,한국,1,2.2,8.2,399539,2,6,0
인사이드 르윈 ,1661,2014,1,2,0,1,드라마,미국,0,2.2,8.2,35157,1,9,0
넛잡: 땅콩 도둑들,1662,2014,1,2,0,1,애니메이션,한국,1,2.2,8.2,301932,2,7,0
디노타샤: 공룡대탐험,1663,2014,1,2,0,1,애니메이션,미국,0,2.2,8.2,20729,1,10,0
폴리스 스토리 2014,1664,2014,1,2,0,1,액션,중국,0,2.2,8.2,121594,1,8,0
또 하나의 약속,1665,2014,2,3,0,0,드라마,한국,1,-1.3,4.5,167092,3,5,0
레고 무비,1666,2014,2,3,0,0,애니메이션,미국,0,-1.3,4.5,113342,2,9,0
프랑켄슈타인: 불멸의 영웅,1667,2014,2,3,0,0,액션,미국,0,-1.3,4.5,230766,2,4,0
명탐정 코난 : 탐정들의 진혼가 ,1668,2014,2,3,0,0,애니메이션,일본,0,1.9,6.5,93717,2,8,0
관능의 법칙,1669,2014,2,3,0,0,드라마,한국,1,1.9,6.5,334411,4,4,0
로보캅,1670,2014,2,3,0,0,액션,미국,0,1.9,6.5,602342,3,3,0
신이 보낸 사람,1671,2014,2,3,0,0,드라마,한국,1,1.9,6.5,119955,4,7,0
폼페이: 최후의 날,1672,2014,2,3,0,0,액션,미국,0,1.2,5.5,542610,4,2,1
아메리칸 허슬,1673,2014,2,3,0,0,범죄,미국,0,1.2,5.5,82619,1,9,0
찌라시: 위험한 소문,1674,2014,2,3,0,0,범죄,한국,1,1.2,5.5,535882,4,4,1
노예 12년,1675,2014,2,3,0,0,드라마,미국,0,7.7,13.1,117957,5,5,0
논스톱,1676,2014,2,3,0,0,액션,미국,0,7.7,13.1,823737,6,1,1
모뉴먼츠 맨: 세기의 작전,1677,2014,2,3,0,0,액션,미국,0,7.7,13.1,54789,1,10,0
다이애나,1678,2014,3,3,0,0,드라마,영국,0,0.3,5.0,37532,1,10,0
300: 제국의 부활,1679,2014,3,3,0,0,액션,미국,0,0.3,5.0,782873,4,1,1
몬스터,1680,2014,3,3,0,0,스릴러,한국,1,5.2,8.3,355124,3,4,0
우아한 거짓말,1681,2014,3,3,0,0,드라마,한국,1,5.2,8.3,504588,5,2,1
원 챈스,1682,2014,3,3,0,0,코미디,영국,0,5.2,8.3,56909,1,8,0
노아,1683,2014,3,3,0,0,어드벤처,미국,0,6.3,10.3,1131606,4,1,1
벨과 세바스찬,1684,2014,3,3,0,0,어드벤처,프랑스,0,6.3,10.3,19892,1,10,0
그랜드 부다페스트 호텔,1685,2014,3,3,0,0,미스터리,미국,0,6.3,10.3,82130,9,4,0
캡틴 아메리카: 윈터 솔져,1686,2014,3,2,0,0,액션,미국,0,15.4,21.9,1473941,7,1,1
초원의 왕 도제,1687,2014,3,3,0,0,애니메이션,일본,0,13.5,20.4,16650,1,9,0
론 서바이버 ,1688,2014,4,2,0,0,액션,미국,0,15.5,21.9,101352,2,6,0
백프로,1689,2014,4,3,0,0,코미디,한국,1,10.2,13.6,28019,1,9,0
쓰리데이즈 투 킬,1690,2014,4,3,0,0,액션,미국,0,10.2,13.6,144230,2,5,0
어거스트: 가족의 초상,1691,2014,4,3,0,0,드라마,미국,0,10.2,13.6,37866,1,8,0
짱구는 못말려 극장판：엄청 맛있어! B급 음식 서바이벌!,1692,2014,4,3,0,0,애니메이션,일본,0,10.2,13.6,46459,1,7,0
방황하는 칼날,1693,2014,4,3,0,0,범죄,한국,1,12.5,20.0,452509,4,2,0
가시,1694,2014,4,3,0,0,멜로/로맨스,한국,1,12.5,20.0,92209,2,6,0
헤라클레스 : 레전드 비긴즈,1695,2014,4,3,0,0,액션,미국,0,12.5,20.0,158448,2,3,0
선 오브 갓,1696,2014,4,3,0,0,드라마,미국,0,12.5,20.0,124627,3,4,0
다이버전트,1697,2014,4,2,0,0,SF,미국,0,14.0,19.4,275576,3,3,0
페이스 오브 러브,1698,2014,4,2,0,0,드라마,미국,0,14.0,19.4,40811,2,9,0
니드 포 스피드,1699,2014,4,2,0,0,액션,미국,0,14.0,19.4,81623,2,5,0
한공주,1700,2014,4,3,0,0,드라마,한국,1,14.7,20.9,58788,4,6,0
어메이징 스파이더맨 2,1701,2014,4,2,0,0,액션,미국,0,17.2,24.9,1668149,4,1,1
천재 강아지 미스터 피바디,1702,2014,4,3,0,0,애니메이션,미국,0,18.6,26.2,132766,4,4,0
표적,1703,2014,4,2,0,0,액션,한국,1,16.1,21.4,850415,5,2,1
역린,1704,2014,4,2,0,0,사극,한국,1,16.1,21.4,1691469,5,1,1
리오 2,1705,2014,5,3,0,0,애니메이션,미국,0,16.0,22.1,248197,4,4,0
몬스터 왕국,1706,2014,5,3,0,0,애니메이션,스웨덴,0,16.0,22.1,20544,1,10,0
라스트베가스,1707,2014,5,3,0,0,코미디,미국,0,14.5,19.5,105603,2,6,0
트랜센던스,1708,2014,5,2,0,0,SF,미국,0,19.6,25.9,419932,3,4,0
인간중독,1709,2014,5,2,0,0,멜로/로맨스,한국,1,19.6,25.9,645475,4,1,1
고질라,1710,2014,5,3,0,0,액션,미국,0,18.2,23.7,527883,2,2,0
도희야,1711,2014,5,3,0,0,드라마,한국,1,20.9,28.3,69423,1,7,0
엑스맨: 데이즈 오브 퓨처 패스트,1712,2014,5,3,0,0,액션,미국,0,20.9,28.3,1755285,6,1,1
더 바디,1713,2014,5,3,0,0,스릴러,스페인,0,20.9,28.3,42757,1,9,0
그녀,1714,2014,5,3,0,0,드라마,미국,0,20.9,28.3,57087,7,7,0
끝까지 간다,1715,2014,5,3,0,0,액션,한국,1,23.2,30.9,622081,8,2,1
말레피센트,1716,2014,5,3,0,0,액션,미국,0,23.2,30.9,488845,5,3,1
극장판 루팡 3세 VS 명탐정 코난,1717,2014,5,3,0,0,애니메이션,일본,0,23.2,30.9,93299,2,6,0
오큘러스,1718,2014,5,3,0,0,미스터리,미국,0,23.2,30.9,163552,2,5,0
하이힐,1719,2014,6,1,0,0,범죄,한국,1,18.7,21.0,225784,2,6,0
우는 남자,1720,2014,6,2,0,0,액션,한국,1,22.8,27.8,467107,2,5,0
엣지 오브 투모로우,1721,2014,6,2,0,0,액션,미국,0,22.8,27.8,1969667,6,1,1
황제를 위하여,1722,2014,6,2,0,0,액션,한국,1,20.5,26.9,315923,3,3,0
경주,1723,2014,6,3,0,0,드라마,한국,1,21.2,27.1,36537,1,8,0
베스트 오퍼,1724,2014,6,3,0,0,미스터리,이탈리아,0,21.2,27.1,20863,1,10,0
창문 넘어 도망친 100세 노인,1725,2014,6,2,0,0,어드벤처,스웨덴,0,24.4,29.1,110073,4,5,0
미녀와 야수,1726,2014,6,2,0,0,판타지,프랑스,0,24.4,29.1,208729,3,3,0
그레이스 오브 모나코,1727,2014,6,2,0,0,드라마,프랑스,0,24.4,29.1,110074,3,6,0
님포매니악 볼륨1,1728,2014,6,2,0,0,드라마,덴마크,0,24.4,29.1,26547,1,9,0
트랜스포머: 사라진 시대,1729,2014,6,2,0,0,액션,미국,0,23.8,29.0,2639754,5,1,1
소녀괴담,1730,2014,7,2,1,0,미스터리,한국,1,25.7,31.1,293253,3,3,0
신의 한 수,1731,2014,7,3,1,0,범죄,한국,1,22.6,24.7,1179035,5,2,1
나쁜 이웃들 ,1732,2014,7,3,1,0,코미디,미국,0,22.6,24.7,25907,2,8,0
더 시그널,1733,2014,7,2,1,0,SF,미국,0,27.6,33.0,73431,2,8,0
좋은 친구들,1734,2014,7,3,1,0,범죄,한국,1,28.9,33.6,223502,3,4,0
혹성탈출: 반격의 서막,1735,2014,7,3,1,0,액션,미국,0,28.9,33.6,1524107,5,1,1
주온 : 끝의 시작,1736,2014,7,2,1,0,공포(호러),일본,0,26.6,32.2,291439,2,4,0
분신사바 2,1737,2014,7,2,1,0,공포(호러),중국,0,26.6,32.2,62680,2,6,0
프란시스 하,1738,2014,7,3,1,0,코미디,미국,0,25.9,29.6,22682,2,8,0
천하무적 키코리키,1739,2014,7,3,1,0,애니메이션,러시아,0,25.9,29.6,18987,1,10,0
군도: 민란의 시대,1740,2014,7,2,1,0,사극,한국,1,23.6,25.2,3089736,3,1,1
드래곤 길들이기 2,1741,2014,7,2,1,0,애니메이션,미국,0,23.6,25.2,901525,5,2,1
마담 프루스트의 비밀정원,1742,2014,7,3,1,0,드라마,프랑스,0,21.9,24.5,13203,3,8,0
명량,1743,2014,7,2,1,0,사극,한국,1,28.6,33.5,4755139,9,1,1
가디언즈 오브 갤럭시,1744,2014,7,3,1,0,액션,미국,0,28.6,34.4,583074,5,4,1
터키,1745,2014,7,3,1,0,애니메이션,미국,0,28.6,34.4,60629,2,7,0
해적: 바다로 간 산적,1746,2014,8,2,1,0,어드벤처,한국,1,24.4,26.2,27327,10,1,1
명탐정 코난 : 이차원의 저격수,1747,2014,8,2,1,0,애니메이션,일본,0,24.4,26.2,208425,2,6,0
허큘리스,1748,2014,8,2,1,0,액션,미국,0,24.4,26.2,69252,1,7,0
극장판 포켓몬스터 AG - 아름다운 소원의 별 지라치,1749,2014,8,2,1,0,애니메이션,일본,0,24.2,26.7,54914,1,10,0
해무(海霧),1750,2014,8,2,1,0,드라마,한국,1,24.2,26.7,922714,3,3,1
비긴 어게인,1751,2014,8,2,1,0,멜로/로맨스,미국,0,24.2,26.7,94610,16,2,1
"안녕, 헤이즐",1752,2014,8,2,1,0,드라마,미국,0,24.2,26.7,225026,3,4,0
비행기 2: 소방구조대,1753,2014,8,2,1,0,애니메이션,미국,0,24.2,26.7,194444,2,6,0
더 기버: 기억전달자,1754,2014,8,2,1,0,SF,미국,0,24.8,28.0,78814,1,8,0
익스펜더블 3,1755,2014,8,2,1,0,액션,미국,0,24.8,28.0,115665,2,6,0
브릭 맨션: 통제불능 범죄구역,1756,2014,8,2,1,0,액션,프랑스,0,24.6,28.6,65124,1,8,0
더 퍼지 : 거리의 반란,1757,2014,8,2,1,0,공포(호러),미국,0,24.6,28.6,43687,1,9,0
닌자터틀,1758,2014,8,3,1,0,액션,미국,0,25.1,30.7,309977,2,5,0
인투 더 스톰,1759,2014,8,3,1,0,액션,미국,0,25.1,30.7,711927,5,2,1
두근두근 내 인생,1760,2014,9,2,0,0,드라마,한국,1,19.1,20.6,607858,4,3,1
타짜-신의 손,1761,2014,9,2,0,0,드라마,한국,1,19.1,20.6,1180268,6,1,1
루시,1762,2014,9,2,0,0,액션,미국,0,19.1,20.6,892958,4,2,1
스텝 업: 올 인,1763,2014,9,2,0,0,드라마,미국,0,19.1,20.6,206011,3,8,0
극장판 도라에몽: 진구의 아프리카 모험 ~베코와 5인의 탐험대~,1764,2014,9,3,0,0,애니메이션,일본,0,22.4,27.6,109758,1,10,0
마야,1765,2014,9,3,0,0,애니메이션,독일,0,22.4,27.6,51172,2,9,0
메이즈 러너,1766,2014,9,3,0,0,액션,미국,0,20.6,27.0,717373,7,1,1
툼스톤,1767,2014,9,3,0,0,액션,미국,0,20.6,27.0,126281,2,4,0
베리 굿 걸,1768,2014,9,3,0,0,멜로/로맨스,미국,0,22.2,27.7,75223,1,6,0
제보자,1769,2014,10,3,0,0,드라마,한국,1,18.1,20.1,677000,5,1,1
슬로우 비디오,1770,2014,10,3,0,0,드라마,한국,1,18.1,20.1,648858,3,2,1
마담 뺑덕,1771,2014,10,3,0,0,멜로/로맨스,한국,1,18.1,20.1,280169,2,6,0
정글히어로,1772,2014,10,3,0,0,애니메이션,한국,1,18.1,20.1,50735,1,9,0
애나벨,1773,2014,10,3,0,0,공포(호러),미국,0,18.1,20.1,413833,3,4,0
"극장판 파워레인저 다이노포스VS고버스터즈 공룡 대결전! ~안녕, 영원한 친구여!~",1774,2014,10,3,0,0,액션,일본,0,18.1,20.1,102071,2,7,0
드라큘라: 전설의 시작,1775,2014,10,2,0,0,판타지,미국,0,16.7,23.6,555406,5,2,1
나의 사랑 나의 신부,1776,2014,10,2,0,0,멜로/로맨스,한국,1,16.7,23.6,781457,5,1,1
맨홀,1777,2014,10,2,0,0,공포(호러),한국,1,16.7,23.6,103613,1,9,0
노벰버 맨,1778,2014,10,3,0,0,액션,미국,0,13.2,18.0,159292,2,5,0
컬러풀 웨딩즈,1779,2014,10,3,0,0,코미디,프랑스,0,13.2,18.0,102358,2,8,0
레드카펫,1780,2014,10,3,0,0,멜로/로맨스,한국,1,13.8,20.6,147920,3,5,0
나를 찾아줘,1781,2014,10,3,0,0,스릴러,미국,0,13.8,20.6,493175,6,1,1
우리는 형제입니다,1782,2014,10,3,0,0,코미디,한국,1,13.8,20.6,407364,4,2,0
보이후드,1783,2014,10,3,0,0,드라마,미국,0,13.8,20.6,51976,3,7,0
내가 잠들기 전에,1784,2014,10,3,0,0,미스터리,영국,0,14.2,20.8,32887,1,9,0
나의 독재자,1785,2014,10,3,0,0,드라마,한국,1,14.2,20.8,264048,3,3,0
박스트롤,1786,2014,11,3,0,0,애니메이션,미국,0,13.5,17.7,49501,2,6,0
패션왕,1787,2014,11,3,0,0,코미디,한국,1,13.5,17.7,332661,3,2,0
인터스텔라,1788,2014,11,3,0,0,SF,미국,0,13.5,17.7,1903213,13,1,1
카트,1789,2014,11,3,0,0,드라마,한국,1,-0.2,4.3,394687,3,2,0
아더 우먼,1790,2014,11,3,0,0,코미디,미국,0,-0.2,4.3,49268,2,5,0
울브스,1791,2014,11,3,0,0,판타지,미국,0,-0.2,4.3,28731,2,8,0
왓 이프,1792,2014,11,3,0,0,코미디,아일랜드,0,-0.2,4.3,15623,1,10,0
아빠를 빌려드립니다,1793,2014,11,3,0,0,코미디,한국,1,7.9,14.6,100669,2,5,0
헝거게임: 모킹제이,1794,2014,11,3,0,0,어드벤처,미국,0,7.9,14.6,479948,3,2,0
퓨리,1795,2014,11,3,0,0,액션,미국,0,7.9,14.6,464039,4,3,1
부니 베어: 롤라 구출 대모험,1796,2014,11,3,0,0,애니메이션,중국,0,7.9,14.6,23189,1,9,0
빅매치,1797,2014,11,3,0,0,액션,한국,1,10.4,14.9,552297,4,2,1
"님아, 그 강을 건너지 마오",1798,2014,11,3,0,0,다큐멘터리,한국,1,10.4,14.9,63440,8,1,1
꾸뻬씨의 행복여행,1799,2014,11,3,0,0,어드벤처,영국,0,10.4,14.9,46479,2,9,0
덤 앤 더머 투,1800,2014,11,3,0,0,코미디,미국,0,10.4,14.9,126736,2,5,0
엑소더스: 신들과 왕들,1801,2014,12,2,0,1,드라마,미국,0,-3.3,-0.5,772852,3,2,1
덕수리 5형제,1802,2014,12,3,0,1,코미디,한국,1,-4.6,-0.2,120904,2,6,0
"러브, 로지",1803,2014,12,2,0,1,코미디,영국,0,1.6,4.2,187414,2,6,0
사랑에 대한 모든 것,1804,2014,12,2,0,1,멜로/로맨스,미국,0,1.6,4.2,197742,2,4,0
국제시장,1805,2014,12,2,0,1,드라마,한국,1,-9.0,-5.2,1528813,11,1,1
호빗: 다섯 군대 전투,1806,2014,12,2,0,1,어드벤처,미국,0,-9.0,-5.2,1317889,4,3,1
눈의 여왕 2: 트롤의 마법거울,1807,2014,12,2,0,1,애니메이션,러시아,0,1.7,6.4,376657,2,6,0
숲속으로,1808,2014,12,2,0,1,뮤지컬,미국,0,1.7,6.4,267194,1,7,0
일곱난쟁이,1809,2014,12,2,0,1,애니메이션,독일,0,1.7,6.4,130226,1,8,0
상의원,1810,2014,12,2,0,1,사극,한국,1,1.7,6.4,537780,2,5,0
기술자들,1811,2014,12,2,0,1,범죄,한국,1,1.7,6.4,1414685,3,2,1
개를 훔치는 완벽한 방법,1812,2014,12,2,0,1,드라마,한국,1,-1.9,1.7,146247,1,9,0
마다가스카의 펭귄,1813,2014,12,2,0,1,애니메이션,미국,0,-1.9,1.7,856527,4,3,1
테이큰 3,1814,2015,1,3,0,1,액션,미국,0,-7.7,-4.3,1109140,3,2,1
타임 패러독스,1815,2015,1,2,0,1,SF,호주,0,-5.5,-0.6,59394,1,10,0
패딩턴,1816,2015,1,2,0,1,코미디,영국,0,-5.5,-0.6,185206,2,7,0
워킹걸,1817,2015,1,2,0,1,코미디,한국,1,-5.5,-0.6,106080,1,8,0
언브로큰,1818,2015,1,2,0,1,액션,미국,0,-5.5,-0.6,202321,1,6,0
허삼관,1819,2015,1,2,0,1,드라마,한국,1,2.5,6.1,580858,3,3,0
오늘의 연애,1820,2015,1,2,0,1,멜로/로맨스,한국,1,2.5,6.1,967715,4,2,1
극장판 포켓몬스터 XY : 파괴의 포켓몬과 디안시,1821,2015,1,2,0,1,애니메이션,일본,0,2.5,6.1,177033,1,7,0
박물관이 살아있다 : 비밀의 무덤,1822,2015,1,2,0,1,어드벤처,미국,0,2.5,6.1,554504,4,4,1
아메리칸 스나이퍼,1823,2015,1,2,0,1,액션,미국,0,2.5,6.1,155910,2,7,0
강남 1970,1824,2015,1,2,0,1,액션,한국,1,2.6,6.5,995536,4,1,1
존 윅,1825,2015,1,2,0,1,액션,미국,0,2.6,6.5,90580,1,8,0
엑스 마키나,1826,2015,1,2,0,1,SF,미국,0,2.6,6.5,54851,1,10,0
빅 히어로,1827,2015,1,2,0,1,애니메이션,미국,0,2.6,6.5,835582,5,1,1
워터 디바이너,1828,2015,1,2,0,1,드라마,미국,0,-4.1,2.7,95527,1,7,0
빅 아이즈,1829,2015,1,2,0,1,드라마,미국,0,-4.1,2.7,54745,1,10,0
더 이퀄라이저,1830,2015,1,2,0,1,액션,미국,0,-4.1,2.7,55012,1,9,0
내 심장을 쏴라,1831,2015,1,2,0,1,드라마,한국,1,-4.1,2.7,271523,2,4,0
쎄시봉,1832,2015,2,3,0,0,멜로/로맨스,한국,1,-0.1,4.8,634928,4,1,1
주피터 어센딩,1833,2015,2,3,0,0,SF,미국,0,-0.1,4.8,253291,1,5,0
최강전사 미니특공대 : 새로운 악당의 습격,1834,2015,2,3,0,0,애니메이션,한국,1,-0.1,4.8,82624,1,8,0
킹스맨 : 시크릿 에이전트,1835,2015,2,2,0,0,액션,미국,0,2.7,8.0,707111,11,1,1
7번째 아들,1836,2015,2,2,0,0,어드벤처,미국,0,2.7,8.0,74439,1,10,0
조선명탐정 : 사라진 놉의 딸,1837,2015,2,2,0,0,사극,한국,1,2.7,8.0,953305,4,1,1
도라에몽 : 스탠 바이 미,1838,2015,2,3,0,0,애니메이션,일본,0,-2.2,1.6,152309,3,6,0
명탐정 코난 : 코난 실종사건 - 사상 최악의 이틀,1839,2015,2,3,0,0,애니메이션,일본,0,-2.2,1.6,78544,2,9,0
오즈의 마법사: 돌아온 도로시,1840,2015,2,3,0,0,애니메이션,미국,0,-2.2,1.6,100978,2,7,0
이미테이션 게임,1841,2015,2,1,0,0,드라마,영국,0,1.9,4.1,678802,5,2,1
스폰지밥 3D,1842,2015,2,2,0,0,애니메이션,미국,0,0.8,3.3,190134,2,7,0
기생수 파트1,1843,2015,2,3,0,0,스릴러,일본,0,1.2,4.7,91101,2,8,0
그레이의 50가지 그림자,1844,2015,2,3,0,0,드라마,미국,0,1.2,4.7,246806,2,4,0
백 투 더 비기닝,1845,2015,2,3,0,0,SF,미국,0,1.2,4.7,196694,2,5,0
순수의 시대,1846,2015,3,3,0,0,사극,한국,1,-0.3,5.5,319906,2,2,0
버드맨,1847,2015,3,3,0,0,코미디,미국,0,-0.3,5.5,117447,2,6,0
세인트 빈센트,1848,2015,3,3,0,0,코미디,미국,0,-0.3,5.5,54947,1,10,0
헬머니,1849,2015,3,3,0,0,코미디,한국,1,-0.3,5.5,229191,4,4,0
소셜포비아,1850,2015,3,3,0,0,스릴러,한국,1,2.1,6.7,151360,3,6,0
위플래쉬,1851,2015,3,3,0,0,드라마,미국,0,2.1,6.7,264299,9,1,1
살인의뢰,1852,2015,3,3,0,0,범죄,한국,1,2.1,6.7,492072,3,2,0
채피,1853,2015,3,3,0,0,액션,미국,0,2.1,6.7,374152,3,3,0
드래곤 블레이드,1854,2015,3,3,0,0,액션,중국,0,2.1,6.7,39176,1,10,0
신데렐라,1855,2015,3,3,0,0,멜로/로맨스,미국,0,12.4,21.0,345733,4,3,0
추억의 마니,1856,2015,3,3,0,0,애니메이션,일본,0,12.4,21.0,22038,1,10,0
런 올 나이트,1857,2015,3,3,0,0,액션,미국,0,12.4,21.0,179397,3,5,0
인서전트,1858,2015,3,2,0,0,SF,미국,0,6.5,14.2,210878,2,5,0
스물,1859,2015,3,2,0,0,코미디,한국,1,6.5,14.2,1121776,5,1,1
분노의 질주: 더 세븐,1860,2015,4,2,0,0,액션,미국,0,12.9,17.6,1170353,5,1,1
송 원,1861,2015,4,2,0,0,드라마,미국,0,12.9,17.6,32812,1,7,0
팔로우,1862,2015,4,3,0,0,공포(호러),미국,0,14.8,21.8,23008,1,8,0
윈드랜드,1863,2015,4,3,0,0,애니메이션,이탈리아,0,14.8,21.8,19419,1,9,0
한 번 더 해피엔딩,1864,2015,4,2,0,0,멜로/로맨스,미국,0,8.3,13.7,26309,1,9,0
코블러,1865,2015,4,2,0,0,판타지,미국,0,8.3,13.7,26818,1,7,0
화장,1866,2015,4,3,0,0,드라마,한국,1,9.6,16.3,63544,2,6,0
장수상회,1867,2015,4,3,0,0,멜로/로맨스,한국,1,9.6,16.3,346817,5,2,1
엘리노어 릭비: 그 남자 그 여자,1868,2015,4,3,0,0,드라마,미국,0,9.6,16.3,20401,2,10,0
유고와 라라: 하늘고래와 구름섬 대모험,1869,2015,4,3,0,0,애니메이션,중국,0,9.6,16.3,21349,1,9,0
위자,1870,2015,4,3,0,0,미스터리,미국,0,9.9,14.8,54803,2,7,0
더 건맨,1871,2015,4,3,0,0,액션,프랑스,0,9.9,14.8,81189,2,5,0
어벤져스: 에이지 오브 울트론,1872,2015,4,3,0,0,액션,미국,0,14.5,20.1,3444438,7,1,1
약장수,1873,2015,4,3,0,0,드라마,한국,1,14.5,20.1,25183,1,7,0
"땡큐, 대디",1874,2015,4,3,0,0,드라마,프랑스,0,14.5,20.1,19196,1,9,0
짱구는 못말려 극장판 : 정면승부! 로봇아빠의 역습,1875,2015,4,3,0,0,애니메이션,일본,0,14.5,20.1,52331,3,5,0
위험한 상견례 2,1876,2015,4,2,0,0,멜로/로맨스,한국,1,17.0,18.4,209587,3,3,0
스틸 앨리스,1877,2015,4,2,0,0,드라마,미국,0,17.0,18.4,34813,2,9,0
차이나타운,1878,2015,4,2,0,0,범죄,한국,1,17.0,18.4,622715,4,2,1
다이노 타임,1879,2015,4,3,0,0,애니메이션,한국,1,21.2,28.3,77231,3,4,0
노아의 방주: 남겨진 녀석들,1880,2015,4,3,0,0,애니메이션,독일,0,21.2,28.3,69913,2,6,0
빌리와 용감한 녀석들 3,1881,2015,4,3,0,0,애니메이션,미국,0,21.2,28.3,38651,2,8,0
연애의 맛,1882,2015,5,3,0,0,멜로/로맨스,한국,1,16.5,24.0,123799,3,5,0
언프렌디드: 친구삭제,1883,2015,5,3,0,0,공포(호러),미국,0,16.5,24.0,146121,2,5,0
매드 맥스: 분노의 도로,1884,2015,5,3,0,0,액션,미국,0,20.4,26.6,802101,9,1,1
악의 연대기,1885,2015,5,3,0,0,스릴러,한국,1,20.4,26.6,857941,5,1,1
위아영,1886,2015,5,3,0,0,코미디,미국,0,20.4,26.6,29376,2,8,0
홈,1887,2015,5,3,0,0,애니메이션,미국,0,18.7,26.0,141048,3,6,0
간신,1888,2015,5,3,0,0,사극,한국,1,18.7,26.0,479223,5,4,1
스파이,1889,2015,5,3,0,0,액션,미국,0,18.7,26.0,637532,5,2,1
무뢰한,1890,2015,5,2,0,0,멜로/로맨스,한국,1,23.2,31.5,266351,3,5,0
투모로우랜드,1891,2015,5,2,0,0,액션,미국,0,23.2,31.5,213763,2,6,0
피치 퍼펙트: 언프리티 걸즈,1892,2015,5,3,0,0,코미디,미국,0,24.3,32.2,52449,1,9,0
사이코패스,1893,2015,5,3,0,0,애니메이션,일본,0,24.3,32.2,16441,1,10,0
샌 안드레아스,1894,2015,6,2,0,0,액션,미국,0,23.3,29.4,921215,4,1,1
은밀한 유혹,1895,2015,6,3,0,0,멜로/로맨스,한국,1,24.2,31.5,92750,3,6,0
령 : 저주받은 사진,1896,2015,6,3,0,0,공포(호러),일본,0,24.2,31.5,27775,2,9,0
쥬라기 월드,1897,2015,6,3,0,0,액션,미국,0,24.6,30.2,1808930,7,1,1
꼬마 유령,1898,2015,6,3,0,0,판타지,독일,0,24.6,30.2,10062,1,9,0
경성학교: 사라진 소녀들,1899,2015,6,3,0,0,미스터리,한국,1,24.8,31.3,257352,2,3,0
극비수사,1900,2015,6,3,0,0,드라마,한국,1,24.8,31.3,1163147,4,2,1
심야식당,1901,2015,6,3,0,0,드라마,일본,0,24.8,31.3,40094,3,7,0
연평해전,1902,2015,6,2,0,0,드라마,한국,1,25.7,30.6,1431041,7,1,1
소수의견,1903,2015,6,2,0,0,드라마,한국,1,25.7,30.6,10370,4,4,0
나의 절친 악당들,1904,2015,6,3,0,0,범죄,한국,1,24.8,29.1,94391,2,5,0
19곰 테드 2,1905,2015,6,3,0,0,코미디,미국,0,24.8,29.1,89705,2,6,0
터미네이터 제니시스,1906,2015,7,3,1,0,액션,미국,0,23.7,29.3,1493216,5,2,1
리틀드래곤 코코넛,1907,2015,7,3,1,0,애니메이션,독일,0,23.7,29.3,27635,1,8,0
라자루스,1908,2015,7,3,1,0,공포(호러),미국,0,23.7,29.3,16936,1,10,0
손님,1909,2015,7,3,1,0,판타지,한국,1,26.5,31.8,586784,3,4,0
러덜리스,1910,2015,7,3,1,0,코미디,미국,0,26.5,31.8,23726,1,10,0
인시디어스 3,1911,2015,7,3,1,0,공포(호러),미국,0,26.5,31.8,236465,4,5,0
우먼 인 골드,1912,2015,7,3,1,0,드라마,미국,0,26.5,31.8,49534,2,8,0
인사이드 아웃,1913,2015,7,3,1,0,애니메이션,미국,0,26.5,31.8,748079,8,1,1
쓰리 썸머 나잇,1914,2015,7,2,1,0,코미디,한국,1,27.9,33.9,60623,1,8,0
다크 플레이스,1915,2015,7,2,1,0,드라마,미국,0,27.9,33.9,50446,1,9,0
픽셀,1916,2015,7,3,1,0,액션,미국,0,24.7,28.9,469770,3,3,0
암살,1917,2015,7,2,1,0,액션,한국,1,27.7,31.7,3359718,9,1,1
극장판 요괴워치: 탄생의 비밀이다냥!,1918,2015,7,2,1,0,애니메이션,일본,0,27.7,31.7,276528,3,4,0
고녀석 맛나겠다2 : 함께라서 행복해,1919,2015,7,2,1,0,애니메이션,한국,1,26.7,28.8,28828,2,8,0
미니언즈,1920,2015,7,2,1,0,애니메이션,미국,0,26.7,28.8,1022705,5,3,1
미션 임파서블: 로그네이션,1921,2015,7,3,1,0,액션,미국,0,28.6,33.1,2462444,6,2,1
베테랑,1922,2015,8,2,1,0,액션,한국,1,28.6,32.7,2742795,10,1,1
명탐정 코난 : 화염의 해바라기,1923,2015,8,2,1,0,애니메이션,일본,0,28.6,32.7,263481,2,6,0
아마조니아,1924,2015,8,2,1,0,다큐멘터리,프랑스,0,28.6,32.7,14933,1,9,0
"협녀, 칼의 기억",1925,2015,8,3,1,0,사극,한국,1,26.5,31.1,330887,2,5,0
미쓰 와이프,1926,2015,8,3,1,0,코미디,한국,1,26.5,31.1,315794,5,5,0
숀더쉽,1927,2015,8,3,1,0,애니메이션,영국,0,26.5,31.1,53941,1,9,0
뷰티 인사이드,1928,2015,8,3,1,0,판타지,한국,1,25.4,28.1,17592,6,2,1
판타스틱 4,1929,2015,8,3,1,0,액션,미국,0,25.4,28.1,299828,2,5,0
퇴마: 무녀굴,1930,2015,8,3,1,0,공포(호러),한국,1,25.4,28.1,88988,1,9,0
아메리칸 울트라,1931,2015,8,3,1,0,액션,미국,0,24.7,30.0,122427,1,7,0
치외법권,1932,2015,8,3,1,0,액션,한국,1,24.7,30.0,251058,2,4,0
오피스,1933,2015,9,3,0,0,스릴러,한국,1,23.9,28.2,254339,2,5,0
갤로우즈,1934,2015,9,3,0,0,공포(호러),미국,0,23.9,28.2,64557,2,8,0
히트맨: 에이전트 47,1935,2015,9,3,0,0,액션,미국,0,23.9,28.2,43833,1,9,0
앤트맨,1936,2015,9,3,0,0,액션,미국,0,23.9,28.2,1312724,5,1,1
함정,1937,2015,9,3,0,0,스릴러,한국,1,22.4,28.4,192441,2,4,0
셀프/리스,1938,2015,9,3,0,0,SF,미국,0,22.4,28.4,89810,2,7,0
스트레이트 아웃 오브 컴턴,1939,2015,9,3,0,0,드라마,미국,0,22.4,28.4,25863,1,9,0
사도,1940,2015,9,2,0,0,사극,한국,1,21.6,26.7,1799019,6,1,1
메이즈 러너: 스코치 트라이얼,1941,2015,9,2,0,0,액션,미국,0,21.6,26.7,1070704,4,2,1
극장판 도라에몽 : 진구의 우주영웅기~스페이스 히어로즈~,1942,2015,9,3,0,0,애니메이션,일본,0,21.4,27.6,48299,1,6,0
서부전선,1943,2015,9,3,0,0,전쟁,한국,1,23.4,30.6,293805,3,5,0
에베레스트,1944,2015,9,3,0,0,어드벤처,미국,0,23.4,30.6,152597,2,7,0
뮨: 달의 요정,1945,2015,9,3,0,0,애니메이션,프랑스,0,23.4,30.6,59973,3,7,0
인턴,1946,2015,9,3,0,0,코미디,미국,0,23.4,30.6,387684,9,2,1
더 매직: 리틀톰과 도둑공주,1947,2015,9,3,0,0,애니메이션,스페인,0,23.4,30.6,25025,2,9,0
탐정 : 더 비기닝,1948,2015,9,3,0,0,코미디,한국,1,23.4,30.6,18425,6,2,1
성난 변호사,1949,2015,10,3,0,0,범죄,한국,1,20.1,26.4,547983,4,3,1
팬,1950,2015,10,3,0,0,판타지,미국,0,20.1,26.4,144351,2,6,0
마션,1951,2015,10,3,0,0,액션,미국,0,20.1,26.4,1807573,7,1,1
트랜스포터: 리퓰드,1952,2015,10,3,0,0,액션,프랑스,0,17.9,26.1,114872,2,6,0
아델라인 : 멈춰진 시간,1953,2015,10,3,0,0,판타지,미국,0,17.9,26.1,23984,2,10,0
더 비지트,1954,2015,10,3,0,0,스릴러,미국,0,17.9,26.1,38246,1,7,0
비밀,1955,2015,10,3,0,0,미스터리,한국,1,17.9,26.1,36807,1,8,0
돌연변이,1956,2015,10,3,0,0,드라마,한국,1,17.5,23.1,73311,2,6,0
특종: 량첸살인기,1957,2015,10,3,0,0,스릴러,한국,1,17.5,23.1,378874,2,3,0
더 폰,1958,2015,10,3,0,0,스릴러,한국,1,17.5,23.1,714279,4,1,1
미안해 사랑해 고마워,1959,2015,10,2,0,0,드라마,한국,1,9.9,15.8,33320,1,8,0
맨 프롬 UNCLE,1960,2015,10,2,0,0,액션,미국,0,9.9,15.8,78767,1,7,0
하늘을 걷는 남자,1961,2015,10,2,0,0,드라마,미국,0,9.9,15.8,156338,2,6,0
그놈이다,1962,2015,10,2,0,0,스릴러,한국,1,9.9,15.8,626114,3,2,1
검은 사제들,1963,2015,11,3,0,0,미스터리,한국,1,13.2,19.2,1603105,7,1,1
스파이 브릿지,1964,2015,11,3,0,0,스릴러,미국,0,13.2,19.2,154373,3,5,0
더 셰프,1965,2015,11,3,0,0,드라마,미국,0,13.2,19.2,122859,2,7,0
아더와 미니모이 3: 두 세계의 전쟁,1966,2015,11,3,0,0,애니메이션,프랑스,0,13.2,19.2,38411,1,10,0
007 스펙터,1967,2015,11,2,0,0,액션,영국,0,11.6,17.7,1184344,3,2,1
개구리왕국,1968,2015,11,3,0,0,애니메이션,중국,0,14.5,21.0,24631,2,9,0
헝거게임: 더 파이널,1969,2015,11,2,0,0,액션,미국,0,10.4,12.6,437842,3,4,0
내부자들,1970,2015,11,3,0,0,범죄,한국,1,8.9,10.8,1587746,7,1,1
프리덤,1971,2015,11,3,0,0,드라마,미국,0,8.9,10.8,31978,1,6,0
도리화가,1972,2015,11,2,0,0,사극,한국,1,2.4,5.3,227808,2,5,0
크림슨 피크,1973,2015,11,2,0,0,판타지,미국,0,2.4,5.3,31496,1,10,0
열정같은소리하고있네,1974,2015,11,2,0,0,드라마,한국,1,2.4,5.3,335817,3,3,0
괴물의 아이,1975,2015,11,2,0,0,애니메이션,일본,0,2.4,5.3,106304,2,7,0
극장판 파워레인저 트레인포스 VS 다이노포스 THE MOVIE,1976,2015,11,3,0,0,액션,일본,0,-2.7,0.9,48668,1,8,0
하트 오브 더 씨,1977,2015,12,3,0,1,액션,미국,0,-0.7,3.3,338954,3,2,0
사우스포,1978,2015,12,3,0,1,드라마,미국,0,-0.7,3.3,52142,1,9,0
시카리오: 암살자의 도시,1979,2015,12,3,0,1,범죄,미국,0,-0.7,3.3,51134,2,8,0
극적인 하룻밤,1980,2015,12,3,0,1,멜로/로맨스,한국,1,-0.7,3.3,179408,3,5,0
레전드,1981,2015,12,3,0,1,액션,프랑스,0,7.8,9.2,143811,2,5,0
파더 앤 도터,1982,2015,12,3,0,1,드라마,미국,0,7.8,9.2,38974,1,10,0
뽀로로 극장판 컴퓨터 왕국 대모험,1983,2015,12,3,0,1,애니메이션,한국,1,7.8,9.2,159968,3,4,0
보루토 - 나루토 더 무비,1984,2015,12,3,0,1,애니메이션,일본,0,7.8,9.2,40775,2,9,0
히말라야,1985,2015,12,2,0,1,드라마,한국,1,-1.0,2.8,1511005,7,1,1
대호,1986,2015,12,2,0,1,사극,한국,1,-1.0,2.8,723245,3,3,1
스타워즈: 깨어난 포스,1987,2015,12,3,0,1,액션,미국,0,-4.6,-0.4,1071659,4,2,1
포켓몬 더 무비 XY 후파: 광륜의 초마신,1988,2015,12,2,0,1,애니메이션,일본,0,5.9,10.6,164737,1,7,0
어린왕자,1989,2015,12,2,0,1,애니메이션,프랑스,0,5.9,10.6,308924,2,6,0
스누피: 더 피너츠 무비,1990,2015,12,3,0,1,애니메이션,미국,0,1.5,5.3,115117,1,8,0
몬스터 호텔 2,1991,2015,12,3,0,1,애니메이션,미국,0,1.5,5.3,659813,3,4,1
조선마술사,1992,2015,12,2,0,1,드라마,한국,1,0.3,4.3,512028,2,6,0
라스트 위치 헌터,1993,2015,12,2,0,1,액션,미국,0,0.3,4.3,105167,1,10,0
내부자들: 디 오리지널,1994,2015,12,3,0,1,범죄,한국,1,0.7,2.8,830405,6,2,1
셜록: 유령신부,1995,2016,1,5,0,1,범죄,영국,0,5.7,9.5,665162,3,3,1
나를 잊지 말아요,1996,2016,1,3,0,1,멜로/로맨스,한국,1,-3.4,1.4,300558,2,5,0
짱구는 못말려 극장판: 나의 이사 이야기 선인장 대습격,1997,2016,1,3,0,1,애니메이션,일본,0,-3.4,1.4,100308,2,9,0
포인트 브레이크,1998,2016,1,3,0,1,범죄,미국,0,-3.4,1.4,186699,2,6,0
굿 다이노,1999,2016,1,3,0,1,애니메이션,미국,0,-3.4,1.4,548926,4,2,1
그날의 분위기,2000,2016,1,3,0,1,멜로/로맨스,한국,1,-3.4,1.3,351563,3,4,0
레버넌트: 죽음에서 돌아온 자,2001,2016,1,3,0,1,어드벤처,미국,0,-3.4,1.3,819387,4,1,1
구스범스,2002,2016,1,3,0,1,액션,미국,0,-3.4,1.3,173393,2,6,0
스티브 잡스,2003,2016,1,3,0,1,드라마,미국,0,-7.1,-2.3,42079,1,10,0
극장판 꼬마버스 타요의 에이스 구출작전,2004,2016,1,3,0,1,애니메이션,한국,1,-7.1,-2.3,67755,2,9,0
오빠생각,2005,2016,1,3,0,1,드라마,한국,1,-7.1,-2.3,482539,4,2,1
빅쇼트,2006,2016,1,3,0,1,드라마,미국,0,-7.1,-2.3,170993,3,5,0
"로봇, 소리",2007,2016,1,2,0,1,드라마,한국,1,-1.1,4.3,265871,3,4,0
쿵푸팬더3,2008,2016,1,3,0,1,애니메이션,미국,0,-0.5,3.5,1600804,4,1,1
검사외전,2009,2016,2,2,0,0,범죄,한국,1,-2.4,4.0,3328446,5,1,1
캐롤,2010,2016,2,3,0,0,드라마,미국,0,-0.7,3.9,62317,5,4,0
앨빈과 슈퍼밴드: 악동 어드벤처,2011,2016,2,3,0,0,애니메이션,미국,0,-0.7,3.9,79228,2,3,0
최강전사 미니특공대: 영웅의 탄생,2012,2016,2,3,0,0,애니메이션,한국,1,-0.7,3.9,36790,2,9,0
극장판 아이엠스타 : 꿈의 오디션!,2013,2016,2,3,0,0,애니메이션,일본,0,8.1,13.5,100651,2,5,0
번개맨,2014,2016,2,3,0,0,판타지,한국,1,8.1,13.5,50930,1,10,0
좋아해줘,2015,2016,2,2,0,0,멜로/로맨스,한국,1,0.0,5.4,473302,3,3,0
빌리와 용감한 녀석들: 치킨 히어로,2016,2016,2,2,0,0,애니메이션,미국,0,0.0,5.4,21913,1,10,0
데드풀,2017,2016,2,2,0,0,액션,미국,0,0.0,5.4,88585,6,1,1
대니쉬 걸,2018,2016,2,2,0,0,드라마,미국,0,0.0,5.4,51012,1,8,0
주토피아,2019,2016,2,2,0,0,애니메이션,미국,0,0.0,5.4,415731,13,1,1
동주,2020,2016,2,2,0,0,드라마,한국,1,0.0,5.4,226992,6,5,1
스포트라이트,2021,2016,2,2,0,0,드라마,미국,0,-3.0,2.2,95248,3,7,0
순정,2022,2016,2,2,0,0,드라마,한국,1,-3.0,2.2,162183,1,7,0
귀향,2023,2016,2,2,0,0,드라마,한국,1,-3.0,2.2,1099215,6,1,1
남과 여,2024,2016,2,3,0,0,멜로/로맨스,한국,1,-0.2,5.7,120374,2,8,0
제 5침공,2025,2016,2,3,0,0,액션,미국,0,-0.2,5.7,86973,1,10,0
갓 오브 이집트,2026,2016,3,3,0,0,어드벤처,미국,0,8.1,13.9,501984,4,3,0
13시간,2027,2016,3,3,0,0,액션,미국,0,8.1,13.9,96213,2,8,0
널 기다리며,2028,2016,3,3,0,0,스릴러,한국,1,-1.1,3.1,300838,3,4,0
런던 해즈 폴른,2029,2016,3,3,0,0,액션,미국,0,-1.1,3.1,310467,3,2,0
조이,2030,2016,3,3,0,0,코미디,미국,0,-1.1,3.1,101721,2,8,0
부활,2031,2016,3,3,0,0,드라마,미국,0,9.3,14.7,33114,4,6,0
오 마이 그랜파,2032,2016,3,3,0,0,코미디,미국,0,9.3,14.7,55408,1,7,0
일사각오,2033,2016,3,3,0,0,드라마,한국,1,9.3,14.7,21364,1,9,0
배트맨 대 슈퍼맨: 저스티스의 시작,2034,2016,3,3,0,0,액션,미국,0,7.2,12.7,1386658,4,1,1
글로리데이,2035,2016,3,3,0,0,드라마,한국,1,7.2,12.7,109246,2,3,0
대배우,2036,2016,3,2,0,0,코미디,한국,1,11.5,18.3,127891,2,3,0
마음이 외치고 싶어해,2037,2016,3,2,0,0,애니메이션,일본,0,11.5,18.3,27319,1,10,0
나의 그리스식 웨딩 2,2038,2016,3,2,0,0,코미디,미국,0,11.5,18.3,28180,1,9,0
포레스트: 죽음의 숲,2039,2016,3,2,0,0,공포(호러),미국,0,11.5,18.3,39886,1,8,0
미스컨덕트,2040,2016,3,2,0,0,범죄,미국,0,11.5,18.3,112208,2,4,0
"날, 보러와요",2041,2016,4,3,0,0,미스터리,한국,1,14.1,20.6,352883,4,1,1
트럼보,2042,2016,4,3,0,0,드라마,미국,0,14.1,20.6,27155,1,8,0
독수리 에디,2043,2016,4,3,0,0,드라마,미국,0,14.1,20.6,125396,2,5,0
클로버필드 10번지,2044,2016,4,3,0,0,미스터리,미국,0,14.1,20.6,234412,3,3,0
시간이탈자,2045,2016,4,2,0,0,스릴러,한국,1,15.6,21.4,544604,4,1,1
해어화,2046,2016,4,2,0,0,사극,한국,1,15.6,21.4,238247,4,5,0
헌츠맨: 윈터스 워,2047,2016,4,2,0,0,액션,미국,0,15.6,21.4,303967,3,4,0
극장판 프랭키와 친구들: 생명의 나무,2048,2016,4,2,0,0,애니메이션,한국,1,15.6,21.4,25900,1,10,0
트리플 9,2049,2016,4,2,0,0,범죄,미국,0,14.3,20.9,38495,1,9,0
위대한 소원,2050,2016,4,3,0,0,코미디,한국,1,13.5,16.9,194811,3,2,0
파라노말 액티비티: 더 고스트 디멘션,2051,2016,4,3,0,0,미스터리,미국,0,13.5,16.9,44775,1,7,0
캡틴 아메리카: 시빌 워,2052,2016,4,2,0,0,액션,미국,0,17.2,20.7,3933530,5,1,1
시크릿 인 데어 아이즈,2053,2016,4,2,0,0,미스터리,미국,0,17.2,20.7,15414,1,9,0
탐정 홍길동: 사라진 마을,2054,2016,5,2,0,0,드라마,한국,1,15.7,20.6,789498,4,2,1
매직브러시,2055,2016,5,2,0,0,애니메이션,중국,0,15.7,20.6,145703,2,4,0
다이노X 탐험대,2056,2016,5,2,0,0,애니메이션,한국,1,15.7,20.6,74608,1,7,0
다이노소어 어드벤처 : 백악기 공룡대백과,2057,2016,5,2,0,0,애니메이션,영국,0,15.7,20.6,90268,2,6,0
극장판 안녕 자두야,2058,2016,5,2,0,0,애니메이션,한국,1,15.7,20.6,212664,2,3,0
곡성,2059,2016,5,3,0,0,미스터리,한국,1,17.8,24.0,2316050,7,1,1
엽기적인 그녀 2,2060,2016,5,3,0,0,멜로/로맨스,한국,1,17.8,24.0,55240,2,5,0
다이버전트 시리즈: 얼리전트,2061,2016,5,3,0,0,액션,미국,0,17.8,24.0,75912,2,4,0
나의 소녀시대,2062,2016,5,3,0,0,멜로/로맨스,대만,0,17.8,24.0,46067,5,6,0
앵그리버드 더 무비,2063,2016,5,3,0,0,애니메이션,미국,0,24.3,31.9,259016,4,3,0
계춘할망,2064,2016,5,3,0,0,가족,한국,1,24.3,31.9,200481,3,4,0
싱 스트리트,2065,2016,5,3,0,0,드라마,아일랜드,0,24.3,31.9,163365,6,4,0
하드코어 헨리,2066,2016,5,3,0,0,액션,미국,0,24.3,31.9,36949,1,8,0
동급생,2067,2016,5,3,0,0,애니메이션,일본,0,24.3,31.9,8967,1,10,0
엑스맨: 아포칼립스,2068,2016,5,2,0,0,액션,미국,0,19.7,24.4,1641638,4,1,1
오베라는 남자,2069,2016,5,2,0,0,드라마,스웨덴,0,19.7,24.4,36630,1,9,0
아가씨,2070,2016,6,2,0,0,스릴러,한국,1,23.3,29.9,1820600,5,1,1
무서운 이야기 3 : 화성에서 온 소녀,2071,2016,6,2,0,0,공포(호러),한국,1,23.3,29.9,69792,1,7,0
더 보이,2072,2016,6,2,0,0,공포(호러),미국,0,23.3,29.9,38114,1,10,0
미 비포 유,2073,2016,6,2,0,0,멜로/로맨스,미국,0,23.3,29.9,235520,5,4,0
워크래프트: 전쟁의 서막,2074,2016,6,3,0,0,액션,미국,0,24.1,31.3,671746,3,3,1
컨저링 2,2075,2016,6,3,0,0,공포(호러),미국,0,24.1,31.3,558680,6,2,1
정글북,2076,2016,6,3,0,0,어드벤처,미국,0,24.1,31.3,842092,5,1,1
본 투 비 블루,2077,2016,6,3,0,0,드라마,캐나다,0,24.1,31.3,23284,1,10,0
닌자터틀 : 어둠의 히어로,2078,2016,6,3,0,0,액션,미국,0,20.9,24.9,176485,1,6,0
특별수사: 사형수의 편지,2079,2016,6,3,0,0,범죄,한국,1,20.9,24.9,506932,3,3,1
인디펜던스 데이 : 리써전스,2080,2016,6,2,0,0,액션,미국,0,24.3,30.2,986517,3,1,1
크리미널,2081,2016,6,2,0,0,액션,영국,0,24.3,30.2,70653,1,9,0
비밀은 없다,2082,2016,6,3,0,0,스릴러,한국,1,24.7,29.4,192245,1,6,0
굿바이 싱글,2083,2016,6,2,0,0,코미디,한국,1,25.3,30.2,879035,4,1,1
사냥,2084,2016,6,2,0,0,액션,한국,1,25.3,30.2,532757,2,3,0
레전드 오브 타잔,2085,2016,6,2,0,0,액션,미국,0,25.3,30.2,552146,3,2,0
도리를 찾아서,2086,2016,7,2,1,0,애니메이션,미국,0,22.9,26.9,1012798,5,2,1
봉이 김선달,2087,2016,7,2,1,0,사극,한국,1,22.9,26.9,1038643,4,1,1
나우 유 씨 미 2,2088,2016,7,2,1,0,범죄,미국,0,26.3,29.5,197969,5,1,1
트릭,2089,2016,7,2,1,0,스릴러,한국,1,26.3,29.5,30144,1,8,0
데몰리션,2090,2016,7,2,1,0,드라마,미국,0,26.3,29.5,23687,1,10,0
언더 워터,2091,2016,7,2,1,0,공포(호러),미국,0,26.3,29.5,216126,3,6,0
나의 산티아고,2092,2016,7,3,1,0,코미디,독일,0,27.5,32.4,22046,1,9,0
부산행,2093,2016,7,2,1,0,액션,한국,1,28.6,32.9,560447,8,1,1
아이스 에이지: 지구 대충돌,2094,2016,7,2,1,0,애니메이션,미국,0,28.6,32.9,242530,3,4,0
극장판 요괴워치: 염라대왕과 5개의 이야기다냥!,2095,2016,7,2,1,0,애니메이션,일본,0,28.6,32.9,137964,2,6,0
인천상륙작전,2096,2016,7,2,1,0,전쟁,한국,1,27.6,28.9,2622589,6,1,1
제이슨 본,2097,2016,7,2,1,0,액션,미국,0,27.6,28.9,1544113,3,3,1
빅,2098,2016,7,2,1,0,애니메이션,미국,0,27.6,28.9,113860,1,8,0
덕혜옹주,2099,2016,8,2,1,0,사극,한국,1,29.1,34.2,1700787,6,2,1
수어사이드 스쿼드,2100,2016,8,2,1,0,액션,미국,0,29.1,34.2,1416968,3,4,1
마이펫의 이중생활,2101,2016,8,2,1,0,애니메이션,미국,0,29.1,34.2,984033,5,5,1
명탐정 코난: 순흑의 악몽,2102,2016,8,2,1,0,애니메이션,일본,0,29.1,34.2,335171,2,7,0
국가대표 2,2103,2016,8,2,1,0,드라마,한국,1,29.4,34.8,387013,2,6,0
터널,2104,2016,8,2,1,0,드라마,한국,1,29.4,34.8,2567243,5,1,1
마이 리틀 자이언트,2105,2016,8,2,1,0,어드벤처,미국,0,29.4,34.8,55382,1,10,0
슈퍼 프렌즈,2106,2016,8,2,1,0,애니메이션,한국,1,29.4,34.8,47354,1,10,0
서울역,2107,2016,8,2,1,0,애니메이션,한국,1,29.9,34.7,119668,1,8,0
스타트렉 비욘드,2108,2016,8,2,1,0,액션,미국,0,29.9,34.7,672807,3,3,1
라이트 아웃,2109,2016,8,2,1,0,공포(호러),미국,0,29.1,32.9,521878,3,2,1
플로렌스,2110,2016,8,2,1,0,드라마,영국,0,29.1,32.9,88347,1,9,0
올레,2111,2016,8,3,1,0,드라마,한국,1,27.1,32.2,49437,1,10,0
고스트버스터즈,2112,2016,8,3,1,0,액션,미국,0,27.1,32.2,248402,2,4,0
메카닉: 리크루트,2113,2016,8,2,1,0,액션,미국,0,17.7,19.2,414825,2,3,0
이퀄스,2114,2016,8,2,1,0,드라마,미국,0,17.7,19.2,56058,1,10,0
밀정,2115,2016,9,2,0,0,액션,한국,1,24.3,28.6,2160774,5,1,1
"고산자, 대동여지도",2116,2016,9,2,0,0,사극,한국,1,24.3,28.6,291884,3,2,0
거울나라의 앨리스,2117,2016,9,2,0,0,어드벤처,미국,0,24.3,28.6,191070,3,3,0
로빈슨 크루소,2118,2016,9,2,0,0,애니메이션,벨기에,0,24.3,28.6,45916,2,9,0
달빛궁궐,2119,2016,9,2,0,0,애니메이션,한국,1,24.3,28.6,60286,2,7,0
장난감이 살아있다,2120,2016,9,2,0,0,애니메이션,아르헨티나,0,24.3,28.6,57918,2,8,0
매그니피센트 7,2121,2016,9,2,0,0,액션,미국,0,24.6,28.9,679695,3,3,0
드림 쏭,2122,2016,9,2,0,0,애니메이션,미국,0,24.6,28.9,162268,2,6,0
벤허,2123,2016,9,2,0,0,어드벤처,미국,0,24.6,28.9,895159,4,2,1
카페 소사이어티,2124,2016,9,2,0,0,멜로/로맨스,미국,0,24.6,28.9,37444,1,9,0
아이엠스타 뮤직어워드,2125,2016,9,2,0,0,애니메이션,일본,0,24.6,28.9,60667,1,10,0
아이 엠 어 히어로,2126,2016,9,2,0,0,액션,일본,0,20.2,25.3,138699,2,4,0
아수라,2127,2016,9,2,0,0,범죄,한국,1,19.9,21.8,1793509,3,1,1
피터와 드래곤,2128,2016,9,2,0,0,어드벤처,미국,0,19.9,21.8,38945,2,8,0
미스 페레그린과 이상한 아이들의 집,2129,2016,9,2,0,0,미스터리,미국,0,19.9,21.8,741088,5,1,1
브리짓 존스의 베이비,2130,2016,9,2,0,0,코미디,미국,0,19.9,21.8,45743,5,4,0
설리: 허드슨강의 기적,2131,2016,9,2,0,0,드라마,미국,0,19.9,21.8,44146,4,5,0
맨 인 더 다크,2132,2016,10,2,0,0,스릴러,미국,0,21.1,27.2,29849,4,3,0
죽여주는 여자,2133,2016,10,3,0,0,드라마,한국,1,18.0,23.5,42302,2,10,0
럭키,2134,2016,10,3,0,0,코미디,한국,1,15.2,21.9,133102,8,1,1
어카운턴트,2135,2016,10,3,0,0,액션,미국,0,15.2,21.9,48715,2,8,0
자백,2136,2016,10,3,0,0,다큐멘터리,한국,1,15.2,21.9,40629,3,8,0
바스티유 데이,2137,2016,10,3,0,0,액션,미국,0,15.2,21.9,69291,2,7,0
인페르노,2138,2016,10,2,0,0,미스터리,미국,0,18.0,24.3,468021,3,2,0
걷기왕,2139,2016,10,3,0,0,드라마,한국,1,18.6,25.8,58990,2,5,0
혼숨,2140,2016,10,2,0,0,공포(호러),한국,1,13.3,16.3,182410,2,3,0
쿠보와 전설의 악기,2141,2016,10,2,0,0,애니메이션,미국,0,13.3,16.3,15814,1,10,0
"무현, 두 도시 이야기",2142,2016,10,2,0,0,다큐멘터리,한국,1,13.3,16.3,16935,5,4,0
닥터 스트레인지,2143,2016,10,2,0,0,액션,미국,0,13.3,16.3,2399372,6,1,1
선생님의 일기,2144,2016,11,2,0,0,멜로/로맨스,태국,0,4.1,10.5,46234,1,7,0
무한대를 본 남자,2145,2016,11,3,0,0,드라마,영국,0,9.1,14.1,22943,1,10,0
로스트 인 더스트,2146,2016,11,3,0,0,범죄,미국,0,9.1,14.1,47166,2,6,0
극장판 파워레인저: 닌자포스 VS 트레인포스 닌자 인 원더랜드,2147,2016,11,3,0,0,액션,일본,0,9.1,14.1,40294,2,9,0
위자: 저주의 시작,2148,2016,11,2,0,0,공포(호러),미국,0,2.1,8.6,210984,2,4,0
세상에서 고양이가 사라진다면,2149,2016,11,2,0,0,드라마,일본,0,2.1,8.6,45366,1,7,0
스플릿,2150,2016,11,2,0,0,드라마,한국,1,2.1,8.6,429327,3,2,0
감바의 대모험,2151,2016,11,3,0,0,애니메이션,일본,0,6.0,9.8,54522,2,5,0
가려진 시간,2152,2016,11,2,0,0,드라마,한국,1,5.2,12.0,340516,3,3,0
신비한 동물사전,2153,2016,11,2,0,0,어드벤처,미국,0,5.2,12.0,1936408,6,1,1
하이큐!! 끝과 시작,2154,2016,11,2,0,0,애니메이션,일본,0,5.2,12.0,49187,1,7,0
카페 6,2155,2016,11,2,0,0,멜로/로맨스,대만,0,5.2,12.0,20309,1,10,0
형,2156,2016,11,2,0,0,코미디,한국,1,-1.8,3.6,1017292,5,1,1
블레어 위치,2157,2016,11,2,0,0,공포(호러),미국,0,-1.8,3.6,38171,1,6,0
미스 사이공 : 25주년 특별 공연,2158,2016,11,3,0,0,공연,미국,0,-2.5,2.4,17158,2,10,0
리틀메딕: 몸속탐험대,2159,2016,11,3,0,0,애니메이션,독일,0,-2.5,2.4,32488,2,8,0
미씽: 사라진 여자,2160,2016,11,2,0,0,미스터리,한국,1,6.0,9.8,701466,3,3,1
두 남자,2161,2016,11,2,0,0,범죄,한국,1,6.0,9.8,47670,1,7,0
언더월드: 블러드 워,2162,2016,11,2,0,0,액션,미국,0,6.0,9.8,57863,2,5,0
잭 리처: 네버 고 백,2163,2016,11,2,0,0,액션,미국,0,6.0,9.8,453515,2,4,0
판도라,2164,2016,12,2,0,1,드라마,한국,1,1.7,7.5,1441716,5,1,1
아기배달부 스토크,2165,2016,12,2,0,1,애니메이션,미국,0,1.7,7.5,163038,3,6,0
라라랜드,2166,2016,12,2,0,1,드라마,미국,0,1.7,7.5,563104,22,1,1
원피스 필름 골드,2167,2016,12,3,0,1,애니메이션,일본,0,2.1,6.1,140014,2,7,0
"당신, 거기 있어줄래요",2168,2016,12,2,0,1,판타지,한국,1,-1.4,-0.1,11352,4,3,1
목숨 건 연애,2169,2016,12,2,0,1,멜로/로맨스,한국,1,-1.4,-0.1,34371,1,9,0
스노우타임,2170,2016,12,3,0,1,애니메이션,캐나다,0,-5.0,-1.5,20714,1,10,0
마스터,2171,2016,12,2,0,1,액션,한국,1,7.9,12.6,2988307,5,1,1
씽,2172,2016,12,2,0,1,애니메이션,미국,0,7.9,12.6,561795,4,3,1
극장판 도라에몽: 신 진구의 버스 오브 재팬,2173,2016,12,2,0,1,애니메이션,일본,0,7.9,12.6,42182,1,8,0
포켓몬 더 무비 XY&Z 「볼케니온 : 기계왕국의 비밀」,2174,2016,12,3,0,1,애니메이션,일본,0,5.5,11.0,142314,2,6,0
루돌프와 많이있어,2175,2016,12,2,0,1,애니메이션,일본,0,-3.7,2.6,117695,1,7,0
로그 원: 스타워즈 스토리,2176,2016,12,2,0,1,액션,미국,0,-3.7,2.6,769332,2,2,0
하이큐!! 승자와 패자,2177,2016,12,2,0,1,애니메이션,일본,0,-3.7,2.6,21873,1,10,0
사랑하기 때문에,2178,2017,1,2,0,1,코미디,한국,1,3.9,8.9,229757,2,7,0
여교사,2179,2017,1,2,0,1,드라마,한국,1,3.9,8.9,84669,1,10,0
패신저스,2180,2017,1,2,0,1,어드벤처,미국,0,3.9,8.9,503992,2,3,0
너의 이름은.,2181,2017,1,2,0,1,애니메이션,일본,0,3.9,8.9,73199,9,1,1
눈의 여왕 3: 눈과 불의 마법대결,2182,2017,1,2,0,1,애니메이션,러시아,0,3.9,8.9,240694,2,6,0
어쌔신 크리드,2183,2017,1,2,0,1,액션,미국,0,-3.8,1.5,304520,2,5,0
얼라이드,2184,2017,1,2,0,1,스릴러,미국,0,-3.8,1.5,334159,3,4,0
모아나,2185,2017,1,3,0,1,애니메이션,미국,0,-2.2,1.0,672028,5,2,1
공조,2186,2017,1,2,0,1,액션,한국,1,-0.5,2.8,1140497,6,1,1
더 킹,2187,2017,1,2,0,1,범죄,한국,1,-0.5,2.8,1845666,4,1,1
터닝메카드W: 블랙미러의 부활,2188,2017,1,2,0,1,애니메이션,한국,1,-0.5,2.8,276158,3,5,0
반지의 제왕 : 두개의 탑 (확장판),2189,2017,1,2,0,1,판타지,뉴질랜드,0,-0.5,2.8,20174,1,10,0
짱구는 못말려 극장판: 폭풍수면! 꿈꾸는 세계 대돌격,2190,2017,1,2,0,1,애니메이션,일본,0,-5.2,0.9,59189,2,9,0
딥워터 호라이즌,2191,2017,1,2,0,1,액션,미국,0,-5.2,0.9,67078,1,8,0
레지던트 이블: 파멸의 날,2192,2017,1,2,0,1,액션,미국,0,-5.2,0.9,409142,2,4,0
라이언,2193,2017,2,2,0,0,드라마,호주,0,-4.0,0.7,54187,1,10,0
컨택트,2194,2017,2,3,0,0,SF,미국,0,-2.7,3.3,355525,3,4,0
트리플 엑스 리턴즈,2195,2017,2,2,0,0,액션,미국,0,-2.2,0.6,367329,2,3,0
명탐정 코난: 에피소드 원-작아진 명탐정,2196,2017,2,2,0,0,애니메이션,일본,0,-2.2,0.6,81707,1,9,0
조작된 도시,2197,2017,2,3,0,0,범죄,한국,1,-5.3,-2.1,1065429,4,1,1
50가지 그림자: 심연,2198,2017,2,3,0,0,드라마,미국,0,-5.3,-2.1,109366,2,7,0
레고 배트맨 무비,2199,2017,2,3,0,0,애니메이션,미국,0,-5.3,-2.1,76382,1,10,0
발레리나,2200,2017,2,3,0,0,애니메이션,프랑스,0,-5.3,-2.1,92707,2,8,0
그레이트 월,2201,2017,2,2,0,0,판타지,미국,0,1.8,8.0,370926,2,4,0
재심,2202,2017,2,2,0,0,드라마,한국,1,1.8,8.0,1013032,5,1,1
더 큐어,2203,2017,2,2,0,0,미스터리,미국,0,1.8,8.0,125873,1,6,0
트롤,2204,2017,2,3,0,0,애니메이션,미국,0,5.5,10.3,213728,4,5,0
마이펫 오지,2205,2017,2,3,0,0,애니메이션,스페인,0,5.5,10.3,62709,1,10,0
루시드 드림,2206,2017,2,2,0,0,SF,한국,1,1.7,2.9,80030,1,10,0
싱글라이더,2207,2017,2,2,0,0,드라마,한국,1,1.7,2.9,260431,2,4,0
문라이트,2208,2017,2,2,0,0,드라마,미국,0,1.7,2.9,64593,2,8,0
존 윅 - 리로드,2209,2017,2,2,0,0,액션,미국,0,1.7,2.9,177605,2,6,0
핵소 고지,2210,2017,2,2,0,0,드라마,미국,0,1.7,2.9,116366,1,9,0
23 아이덴티티,2211,2017,2,2,0,0,스릴러,미국,0,1.7,2.9,966630,4,1,1
해빙,2212,2017,3,2,0,0,스릴러,한국,1,5.0,11.4,908624,3,2,1
눈길,2213,2017,3,2,0,0,드라마,한국,1,5.0,11.4,86704,2,7,0
로건,2214,2017,3,2,0,0,액션,미국,0,5.0,11.4,1079212,4,1,1
콩: 스컬 아일랜드,2215,2017,3,2,0,0,액션,미국,0,-0.1,5.0,1007566,4,1,1
파도가 지나간 자리,2216,2017,3,2,0,0,드라마,미국,0,-0.1,5.0,36809,2,7,0
미녀와 야수,2217,2017,3,3,0,0,멜로/로맨스,미국,0,6.2,13.4,1570601,9,1,1
비정규직 특수요원,2218,2017,3,3,0,0,코미디,한국,1,6.2,13.4,113490,2,4,0
스페이스 비트윈 어스,2219,2017,3,3,0,0,어드벤처,미국,0,6.2,13.4,21748,1,10,0
프리즌,2220,2017,3,3,0,0,범죄,한국,1,9.1,15.0,1225852,5,2,1
히든 피겨스,2221,2017,3,3,0,0,드라마,미국,0,9.1,15.0,125133,5,4,0
보통사람,2222,2017,3,3,0,0,드라마,한국,1,9.1,15.0,252955,2,3,0
극장판 암살교실 : 365일의 시간,2223,2017,3,3,0,0,애니메이션,일본,0,9.1,15.0,18276,1,10,0
밤의 해변에서 혼자,2224,2017,3,3,0,0,드라마,한국,1,9.1,15.0,19808,2,9,0
원라인,2225,2017,3,2,0,0,범죄,한국,1,8.8,14.4,281706,3,4,0
공각기동대 : 고스트 인 더 쉘,2226,2017,3,2,0,0,SF,미국,0,8.8,14.4,569701,3,3,0
데스노트: 더 뉴 월드,2227,2017,3,2,0,0,범죄,일본,0,8.8,14.4,22420,1,7,0
미스 슬로운,2228,2017,3,2,0,0,드라마,미국,0,8.8,14.4,20776,1,8,0
패왕별희 디 오리지널,2229,2017,3,3,0,0,드라마,중국,0,10.6,17.1,21762,6,4,0
존 윅: 특별판,2230,2017,3,3,0,0,액션,미국,0,10.6,17.1,6711,1,10,0
시간위의 집,2231,2017,4,2,0,0,미스터리,한국,1,12.0,14.2,93345,2,7,0
어느날,2232,2017,4,2,0,0,멜로/로맨스,한국,1,12.0,14.2,160291,2,5,0
라이프,2233,2017,4,2,0,0,SF,미국,0,12.0,14.2,329709,3,3,0
슈퍼 버드,2234,2017,4,3,0,0,애니메이션,멕시코,0,10.4,12.4,16874,1,10,0
패트리어트 데이,2235,2017,4,3,0,0,드라마,미국,0,10.4,12.4,48279,1,9,0
아빠는 딸,2236,2017,4,2,0,0,코미디,한국,1,11.5,16.4,274221,3,2,0
분노의 질주: 더 익스트림,2237,2017,4,2,0,0,액션,미국,0,11.5,16.4,1428392,5,1,1
파운더,2238,2017,4,3,0,0,드라마,미국,0,12.9,18.2,18586,1,10,0
오두막,2239,2017,4,3,0,0,드라마,미국,0,12.9,18.2,29277,2,6,0
파워레인져스: 더 비기닝,2240,2017,4,3,0,0,액션,미국,0,12.9,18.2,61552,1,5,0
임금님의 사건수첩,2241,2017,4,2,0,0,코미디,한국,1,15.1,20.2,711329,4,2,1
특별시민,2242,2017,4,2,0,0,드라마,한국,1,15.1,20.2,899870,2,1,1
"서서평, 천천히 평온하게",2243,2017,4,2,0,0,다큐멘터리,한국,1,15.1,20.2,37369,1,8,0
극장판 또봇: 로봇군단의 습격,2244,2017,4,3,0,0,애니메이션,한국,1,13.6,19.8,54865,2,7,0
극장판 쿠로코의 농구 라스트 게임,2245,2017,4,3,0,0,애니메이션,일본,0,13.6,19.8,14730,1,10,0
스머프: 비밀의 숲,2246,2017,4,4,0,0,애니메이션,미국,0,14.4,21.5,158638,3,4,0
보안관,2247,2017,5,2,0,0,범죄,한국,1,21.5,30.2,1243019,4,2,1
가디언즈 오브 갤럭시 VOL. 2,2248,2017,5,2,0,0,액션,미국,0,21.5,30.2,1723836,4,1,1
슈퍼 빼꼼: 스파이 대작전,2249,2017,5,2,0,0,애니메이션,한국,1,21.5,30.2,74592,1,8,0
보스 베이비,2250,2017,5,2,0,0,애니메이션,미국,0,21.5,30.2,1205369,6,3,1
석조저택 살인사건,2251,2017,5,1,0,0,스릴러,한국,1,17.1,22.6,288169,2,5,0
목소리의 형태,2252,2017,5,1,0,0,애니메이션,일본,0,17.1,22.6,193525,2,6,0
에이리언: 커버넌트,2253,2017,5,1,0,0,SF,미국,0,17.1,22.6,958712,3,1,1
불한당: 나쁜 놈들의 세상,2254,2017,5,2,0,0,범죄,한국,1,18.6,25.9,571012,3,2,0
킹 아서: 제왕의 검,2255,2017,5,2,0,0,판타지,영국,0,18.6,25.9,47879,3,6,0
겟 아웃,2256,2017,5,2,0,0,공포(호러),미국,0,18.6,25.9,1003725,4,1,1
캐리비안의 해적: 죽은 자는 말이 없다,2257,2017,5,2,0,0,액션,미국,0,21.8,27.8,1526655,5,1,1
너와 100번째 사랑,2258,2017,5,3,0,0,드라마,일본,0,19.2,24.4,28481,2,9,0
노무현입니다,2259,2017,5,3,0,0,다큐멘터리,한국,1,19.2,24.4,594789,7,3,1
원더 우먼,2260,2017,5,2,0,0,액션,미국,0,23.3,29.6,1158394,4,1,1
대립군,2261,2017,5,2,0,0,드라마,한국,1,23.3,29.6,589116,3,3,0
7번째 내가 죽던 날,2262,2017,5,2,0,0,드라마,미국,0,23.3,29.6,24808,1,10,0
바다 탐험대 옥토넛 시즌4: 더 파이널,2263,2017,6,3,0,0,애니메이션,영국,0,23.3,27.0,37587,1,10,0
베이블레이드 버스트 갓 : 갓 발키리의 탄생,2264,2017,6,3,0,0,애니메이션,일본,0,23.3,27.0,48986,2,7,0
미이라,2265,2017,6,1,0,0,액션,미국,0,19.4,23.9,2383951,5,1,1
악녀,2266,2017,6,3,0,0,액션,한국,1,20.1,25.9,457326,4,3,1
하루,2267,2017,6,3,0,0,스릴러,한국,1,23.1,29.6,561452,4,2,1
꼬마돼지 베이브의 대모험,2268,2017,6,3,0,0,애니메이션,독일,0,23.1,29.6,20652,1,10,0
나의 붉은고래,2269,2017,6,3,0,0,애니메이션,중국,0,23.1,29.6,41121,1,7,0
꼬마참새 리차드: 아프리카 원정대,2270,2017,6,3,0,0,애니메이션,,0,23.1,29.6,30640,1,8,0
트랜스포머: 최후의 기사,2271,2017,6,2,0,0,액션,미국,0,25.4,31.6,1750613,4,1,1
언더더씨,2272,2017,6,3,0,0,애니메이션,,0,25.3,30.4,22351,1,10,0
다크 하우스,2273,2017,6,3,0,0,공포(호러),,0,25.3,30.4,28839,1,9,0
더 서클,2274,2017,6,3,0,0,드라마,,0,25.3,30.4,49088,2,7,0
리얼,2275,2017,6,2,0,0,액션,한국,1,26.0,30.5,373295,2,3,0
지랄발광 17세,2276,2017,6,2,0,0,코미디,미국,0,26.0,30.5,38063,2,6,0
박열,2277,2017,6,2,0,0,드라마,한국,1,26.0,30.5,1164624,4,1,1
옥자,2278,2017,6,3,0,0,어드벤처,미국,0,26.2,31.5,111993,3,4,0
스파이더맨: 홈 커밍,2279,2017,7,2,1,0,액션,미국,0,27.4,32.6,3561853,5,1,1
내 사랑,2280,2017,7,2,1,0,드라마,아일랜드,0,27.1,31.1,81520,4,5,0
플립,2281,2017,7,2,1,0,드라마,미국,0,27.1,31.1,133859,4,4,0
카3: 새로운 도전,2282,2017,7,3,1,0,애니메이션,미국,0,27.6,32.1,283998,3,3,0
예수는 역사다,2283,2017,7,3,1,0,드라마,미국,0,27.6,32.1,43743,3,8,0
47 미터,2284,2017,7,2,1,0,스릴러,영국,0,28.3,34.1,437933,2,3,0
덩케르크,2285,2017,7,3,1,0,액션,미국,0,29.9,34.9,1349619,6,1,1
오즈: 신기한 마법가루,2286,2017,7,3,1,0,애니메이션,러시아,0,29.9,34.9,49997,1,10,0
극장판 짱구는 못말려 : 습격!! 외계인 덩덩이,2287,2017,7,3,1,0,애니메이션,일본,0,29.9,34.9,136901,3,5,0
군함도,2288,2017,7,2,1,0,액션,한국,1,28.7,32.8,4061784,4,1,1
슈퍼배드 3,2289,2017,7,2,1,0,애니메이션,미국,0,28.7,32.8,1225565,5,2,1
택시운전사,2290,2017,8,2,1,0,드라마,한국,1,30.0,33.0,36643,9,1,1
명탐정 코난:진홍의 연가,2291,2017,8,2,1,0,애니메이션,일본,0,30.0,33.0,310270,2,5,0
이모티: 더 무비,2292,2017,8,2,1,0,애니메이션,미국,0,30.0,33.0,28099,1,9,0
파리로 가는 길,2293,2017,8,3,1,0,드라마,미국,0,30.2,33.9,32447,1,10,0
청년경찰,2294,2017,8,2,1,0,액션,한국,1,27.6,32.0,1917987,6,2,1
빅풋 주니어,2295,2017,8,2,1,0,애니메이션,벨기에,0,27.6,32.0,128805,3,6,0
애나벨 : 인형의 주인,2296,2017,8,3,1,0,공포(호러),미국,0,24.8,26.3,931723,3,3,1
극장판 도라에몽: 진구의 남극 꽁꽁 대모험,2297,2017,8,3,1,0,애니메이션,일본,0,24.8,26.3,82630,2,9,0
혹성탈출: 종의 전쟁,2298,2017,8,1,1,0,액션,미국,0,21.9,24.0,1534996,3,3,1
장산범,2299,2017,8,3,1,0,미스터리,한국,1,24.8,27.7,635757,3,4,1
공범자들,2300,2017,8,3,1,0,다큐멘터리,한국,1,24.8,27.7,60268,3,7,0
브이아이피,2301,2017,8,2,1,0,범죄,한국,1,27.2,30.2,938689,3,2,1
다크타워: 희망의 탑,2302,2017,8,2,1,0,액션,미국,0,27.2,30.2,80298,1,8,0
발레리안: 천 개 행성의 도시,2303,2017,8,2,1,0,액션,프랑스,0,19.8,23.9,361820,2,5,0
김광석,2304,2017,8,2,1,0,다큐멘터리,한국,1,19.8,23.9,25288,1,9,0
킬러의 보디가드,2305,2017,8,2,1,0,액션,미국,0,19.8,23.9,760861,6,1,1
로마의 휴일,2306,2017,8,2,1,0,코미디,한국,1,19.8,23.9,106350,1,8,0
아토믹 블론드,2307,2017,8,2,1,0,액션,미국,0,19.8,23.9,113097,2,7,0
살인자의 기억법,2308,2017,9,2,0,0,범죄,한국,1,20.6,24.0,1189512,4,1,1
그것,2309,2017,9,2,0,0,공포(호러),미국,0,20.6,24.0,571977,3,2,0
극장판 에그엔젤 코코밍: 푸르밍과 두근두근 코코밍 세계,2310,2017,9,3,0,0,애니메이션,일본,0,22.4,27.5,87345,2,7,0
저수지 게임,2311,2017,9,3,0,0,다큐멘터리,한국,1,22.4,27.5,45037,2,8,0
몬스터 콜,2312,2017,9,3,0,0,판타지,스페인,0,22.4,29.5,42605,2,9,0
베이비 드라이버,2313,2017,9,3,0,0,액션,영국,0,22.4,29.5,420819,3,2,0
아메리칸 메이드,2314,2017,9,3,0,0,범죄,미국,0,22.4,29.5,266362,2,3,0
잃어버린 도시 Z,2315,2017,9,3,0,0,액션,미국,0,20.3,27.0,35320,1,8,0
인비저블 게스트,2316,2017,9,3,0,0,범죄,스페인,0,20.3,27.0,42888,2,7,0
아이 캔 스피크,2317,2017,9,3,0,0,코미디,한국,1,20.3,27.0,705111,6,1,1
극장판 요괴워치: 하늘을 나는 고래와 더블세계다냥!,2318,2017,9,2,0,0,애니메이션,일본,0,22.7,27.3,91636,3,4,0
킹스맨: 골든 서클,2319,2017,9,2,0,0,액션,미국,0,22.7,27.3,2345909,4,1,1
레고 닌자고 무비,2320,2017,9,3,0,0,애니메이션,미국,0,19.2,25.3,72339,2,6,0
리틀 프린세스 소피아 : 신비한 섬,2321,2017,9,3,0,0,애니메이션,미국,0,19.2,25.3,32828,1,10,0
남한산성,2322,2017,10,1,0,0,사극,한국,1,17.6,23.6,18949,5,1,1
딥,2323,2017,10,1,0,0,애니메이션,스페인,0,17.6,23.6,167228,2,6,0
넛잡 2,2324,2017,10,1,0,0,애니메이션,한국,1,17.6,23.6,245879,2,5,0
범죄도시,2325,2017,10,1,0,0,범죄,한국,1,17.6,23.6,1776753,8,1,1
희생부활자,2326,2017,10,3,0,0,미스터리,한국,1,11.4,,241629,2,5,0
블레이드 러너 2049,2327,2017,10,3,0,0,SF,미국,0,11.4,,194445,2,6,0
"나는 내일, 어제의 너와 만난다",2328,2017,10,3,0,0,멜로/로맨스,일본,0,11.4,,47723,3,7,0
대장 김창수,2329,2017,10,3,0,0,드라마,한국,1,17.0,23.2,256181,3,3,0
지오스톰,2330,2017,10,3,0,0,액션,미국,0,17.0,23.2,694758,3,2,1
노 게임 노 라이프 -제로-,2331,2017,10,3,0,0,애니메이션,일본,0,17.0,23.2,42070,2,10,0
너의 췌장을 먹고 싶어,2332,2017,10,2,0,0,드라마,일본,0,14.4,20.6,198079,6,4,0
토르: 라그나로크,2333,2017,10,2,0,0,액션,미국,0,14.4,20.6,2214446,6,1,1
뷰티풀 투모로우,2334,2017,10,3,0,0,드라마,한국,1,14.5,18.1,26830,2,9,0
침묵,2335,2017,11,3,0,0,드라마,한국,1,15.5,18.0,300393,2,4,0
부라더,2336,2017,11,3,0,0,코미디,한국,1,15.5,18.0,712294,4,2,1
직쏘,2337,2017,11,3,0,0,공포(호러),미국,0,15.5,18.0,75984,1,6,0
해피 데스데이,2338,2017,11,2,0,0,공포(호러),미국,0,13.1,17.2,506375,4,2,1
미옥,2339,2017,11,3,0,0,범죄,한국,1,9.4,16.8,192837,2,5,0
극장판 파워레인저: 애니멀포스 VS 닌자포스 미래에서 온 메시지 ,2340,2017,11,3,0,0,액션,일본,0,9.4,16.8,38162,1,10,0
채비,2341,2017,11,3,0,0,드라마,한국,1,9.4,16.8,71801,3,7,0
러빙 빈센트,2342,2017,11,3,0,0,애니메이션,영국,0,9.4,16.8,49059,5,5,0
저스티스 리그,2343,2017,11,2,0,0,액션,미국,0,3.2,6.5,1141912,3,1,1
7호실,2344,2017,11,2,0,0,코미디,한국,1,3.2,6.5,270102,2,4,0
꾼,2345,2017,11,2,0,0,범죄,한국,1,4.3,10.8,1655893,4,1,1
래빗 스쿨,2346,2017,11,3,0,0,애니메이션,독일,0,0.9,4.7,33322,2,9,0
반드시 잡는다,2347,2017,11,2,0,0,스릴러,한국,1,3.2,8.1,270275,3,4,0
기억의 밤,2348,2017,11,2,0,0,미스터리,한국,1,3.2,8.1,566597,4,2,1
오리엔트 특급 살인,2349,2017,11,2,0,0,드라마,미국,0,3.2,8.1,487760,3,3,0
어쌔신: 더 비기닝,2350,2017,12,3,0,1,액션,미국,0,0.7,4.6,150464,2,6,0
메리와 마녀의 꽃,2351,2017,12,3,0,1,애니메이션,일본,0,0.7,4.6,309742,3,4,0
뽀로로 극장판 공룡섬 대모험,2352,2017,12,3,0,1,애니메이션,,0,0.7,4.6,320299,5,3,0
강철비,2353,2017,12,3,0,1,액션,한국,1,-6.6,-1.9,1643489,5,1,1
스타워즈: 라스트 제다이,2354,2017,12,3,0,1,액션,미국,0,-6.6,-1.9,638530,3,2,0
극장판 숲의 요정 페어리루 ~크리스마스의 기적: 마법의 날개~,2355,2017,12,3,0,1,애니메이션,일본,0,-6.6,-1.9,39292,1,9,0
신과함께-죄와 벌,2356,2017,12,2,0,1,판타지,한국,1,-3.9,-0.1,3548260,9,1,1
위대한 쇼맨,2357,2017,12,2,0,1,드라마,,0,-3.9,-0.1,389625,14,1,1
극장판 포켓몬스터 너로 정했다!,2358,2017,12,3,0,1,애니메이션,,0,-0.9,4.6,188603,3,5,0
더 크리스마스,2359,2017,12,3,0,1,애니메이션,,0,-0.9,4.6,30958,1,10,0
몬스터 패밀리,2360,2017,12,3,0,1,애니메이션,,0,-0.9,4.6,147854,3,6,0
1987,2361,2017,12,2,0,1,드라마,한국,1,-6.9,-2.6,1913914,7,1,1
원더,2362,2017,12,2,0,1,드라마,미국,0,-6.9,-2.6,78694,4,8,0
극장판 프리파라 모두의 동경♪ 렛츠고☆프리파리,2363,2017,12,3,0,1,애니메이션,일본,0,-2.1,0.8,31562,1,10,0
쥬만지: 새로운 세계,2364,2018,1,2,0,1,액션,미국,0,-4.7,-0.4,891970,3,3,1
페르디난드,2365,2018,1,2,0,1,애니메이션,미국,0,-4.7,-0.4,354109,3,4,0
다운사이징,2366,2018,1,3,0,1,드라마,미국,0,-11.1,-7.4,125041,2,7,0
"쏘아올린 불꽃, 밑에서 볼까? 옆에서 볼까?",2367,2018,1,3,0,1,애니메이션,일본,0,-11.1,-7.4,21833,1,10,0
코코,2368,2018,1,3,0,1,애니메이션,미국,0,-11.1,-7.4,843778,7,2,1
메이즈 러너: 데스 큐어,2369,2018,1,2,0,1,액션,미국,0,4.5,8.7,1262230,4,1,1
그것만이 내 세상,2370,2018,1,2,0,1,코미디,한국,1,4.5,8.7,898362,5,1,1
1급기밀,2371,2018,1,2,0,1,드라마,한국,1,-14.2,-10.7,155662,1,7,0
비밥바룰라,2372,2018,1,2,0,1,코미디,한국,1,-14.2,-10.7,33733,1,9,0
커뮤터,2373,2018,1,2,0,1,액션,영국,0,-14.2,-10.7,221543,2,6,0
극장판 레이디버그: 미라클스톤의 비밀,2374,2018,1,3,0,1,애니메이션,프랑스,0,-14.0,-9.5,25443,1,10,0
염력,2375,2018,1,2,0,1,드라마,한국,1,-2.6,0.0,843118,2,1,0
인시디어스4: 라스트 키,2376,2018,1,2,0,1,공포(호러),미국,0,-2.6,0.0,362846,3,4,0
12 솔져스,2377,2018,1,2,0,1,액션,미국,0,-2.6,0.0,129028,2,8,0
마야2,2378,2018,2,3,0,0,애니메이션,독일,0,-4.0,1.2,53660,1,10,0
패딩턴 2,2379,2018,2,3,0,0,코미디,프랑스,0,-4.4,2.0,120300,3,7,0
조선명탐정: 흡혈괴마의 비밀,2380,2018,2,3,0,0,사극,한국,1,-4.4,2.0,935036,3,1,1
명탐정 코난:감벽의 관,2381,2018,2,2,0,0,애니메이션,일본,0,3.5,8.7,156706,2,5,0
골든슬럼버,2382,2018,2,2,0,0,범죄,한국,1,3.5,8.7,976986,2,2,1
블랙 팬서,2383,2018,2,2,0,0,액션,미국,0,3.5,8.7,3095924,5,1,1
흥부: 글로 세상을 바꾼 자,2384,2018,2,2,0,0,사극,한국,1,3.5,8.7,320751,2,4,0
50가지 그림자: 해방,2385,2018,2,2,0,0,드라마,미국,0,-0.9,4.4,116592,2,6,0
셰이프 오브 워터: 사랑의 모양,2386,2018,2,3,0,0,어드벤처,미국,0,1.3,5.4,157591,4,5,0
월요일이 사라졌다,2387,2018,2,3,0,0,액션,영국,0,1.3,5.4,267769,3,4,0
궁합,2388,2018,2,2,0,0,코미디,한국,1,4.6,7.8,921549,3,1,1
리틀 포레스트,2389,2018,2,2,0,0,드라마,한국,1,4.6,7.8,672329,5,2,1
나미야 잡화점의 기적,2390,2018,2,2,0,0,판타지,일본,0,4.6,7.8,155241,1,6,0
레드 스패로,2391,2018,2,2,0,0,스릴러,미국,0,4.6,7.8,81068,1,7,0
게이트,2392,2018,2,2,0,0,범죄,한국,1,4.6,7.8,73789,1,9,0
더 포스트,2393,2018,2,2,0,0,드라마,미국,0,4.6,7.8,72658,2,9,0
플로리다 프로젝트,2394,2018,3,2,0,0,드라마,미국,0,6.4,10.7,32766,1,10,0
온리 더 브레이브,2395,2018,3,2,0,0,드라마,미국,0,6.4,10.7,37931,1,8,0
사라진 밤,2396,2018,3,2,0,0,스릴러,한국,1,6.4,10.7,652526,4,1,1
툼레이더,2397,2018,3,3,0,0,액션,미국,0,4.6,9.7,374967,2,3,0
지금 만나러 갑니다,2398,2018,3,2,0,0,멜로/로맨스,한국,1,17.0,22.1,867156,5,1,1
치즈인더트랩,2399,2018,3,2,0,0,멜로/로맨스,한국,1,17.0,22.1,159720,2,4,0
허리케인 하이스트,2400,2018,3,2,0,0,액션,미국,0,17.0,22.1,158894,2,5,0
쓰리 빌보드,2401,2018,3,3,0,0,코미디,미국,0,12.4,16.6,37346,2,9,0
퍼시픽 림: 업라이징,2402,2018,3,2,0,0,액션,미국,0,2.1,5.3,858201,2,2,1
소공녀,2403,2018,3,3,0,0,멜로/로맨스,한국,1,4.9,11.6,19801,1,10,0
콜 미 바이 유어 네임,2404,2018,3,3,0,0,드라마,이탈리아,0,4.9,11.6,63259,5,5,0
미니특공대X,2405,2018,3,3,0,0,애니메이션,한국,1,4.9,11.6,52971,2,8,0
7년의 밤,2406,2018,3,2,0,0,스릴러,한국,1,14.0,19.0,413820,2,4,0
레디 플레이어 원,2407,2018,3,2,0,0,액션,미국,0,14.0,19.0,984512,5,2,1
곤지암,2408,2018,3,2,0,0,공포(호러),한국,1,14.0,19.0,61369,5,1,1
레이디 버드,2409,2018,4,2,0,0,코미디,미국,0,13.4,18.2,45610,2,7,0
바람 바람 바람,2410,2018,4,3,0,0,코미디,한국,1,7.6,9.5,605327,4,2,1
덕구,2411,2018,4,3,0,0,드라마,한국,1,7.6,9.5,130095,3,5,0
번개맨과 신비의 섬,2412,2018,4,3,0,0,가족,한국,1,7.6,9.5,35778,1,8,0
머니백,2413,2018,4,3,0,0,액션,한국,1,13.3,19.6,35030,1,9,0
램페이지,2414,2018,4,3,0,0,액션,미국,0,13.3,19.6,686618,3,1,1
콰이어트 플레이스,2415,2018,4,3,0,0,공포(호러),미국,0,13.3,19.6,21788,4,3,0
"그날, 바다",2416,2018,4,3,0,0,다큐멘터리,한국,1,13.3,19.6,177719,5,2,0
나를 기억해,2417,2018,4,3,0,0,미스터리,한국,1,14.0,20.5,106442,2,6,0
정글번치: 최강 악당의 등장,2418,2018,4,3,0,0,애니메이션,프랑스,0,14.0,20.5,29028,1,9,0
크리미널 스쿼드,2419,2018,4,3,0,0,범죄,미국,0,14.0,20.5,21362,1,10,0
살인소설,2420,2018,4,2,0,0,스릴러,한국,1,14.6,23.3,37962,1,5,0
어벤져스: 인피니티 워,2421,2018,4,2,0,0,액션,미국,0,14.6,23.3,4764495,7,1,1
당갈,2422,2018,4,2,0,0,액션,인도,0,14.6,23.3,36136,4,6,0
레오나르도 다 빈치,2423,2018,4,3,0,0,애니메이션,이탈리아,0,14.9,22.1,17547,2,7,0
챔피언,2424,2018,5,1,0,0,드라마,한국,1,20.4,23.3,700520,3,2,1
"부르고뉴, 와인에서 찾은 인생",2425,2018,5,3,0,0,드라마,프랑스,0,11.2,14.7,16249,2,8,0
원더스트럭,2426,2018,5,3,0,0,드라마,미국,0,11.2,14.7,13100,1,10,0
매직빈,2427,2018,5,3,0,0,애니메이션,중국,0,11.2,14.7,37596,2,6,0
얼리맨,2428,2018,5,3,0,0,애니메이션,영국,0,11.2,14.7,65498,2,3,0
커다랗고 커다랗고 커다란 배,2429,2018,5,3,0,0,애니메이션,덴마크,0,11.2,14.7,41194,2,4,0
레슬러,2430,2018,5,2,0,0,드라마,한국,1,15.7,21.8,30072,4,2,0
루비 스팍스,2431,2018,5,3,0,0,코미디,미국,0,15.4,21.4,18035,1,7,0
데드풀 2,2432,2018,5,2,0,0,액션,미국,0,22.3,24.4,1972064,5,1,1
"안녕, 나의 소녀",2433,2018,5,2,0,0,멜로/로맨스,대만,0,22.3,24.4,48655,3,7,0
피터 래빗,2434,2018,5,2,0,0,애니메이션,미국,0,22.3,24.4,110669,3,4,0
버닝,2435,2018,5,3,0,0,미스터리,한국,1,20.9,23.5,277891,4,3,0
마징가 Z: 인피니티,2436,2018,5,3,0,0,애니메이션,일본,0,20.9,23.5,13588,1,8,0
독전,2437,2018,5,1,0,0,범죄,,0,18.1,23.2,1808504,6,1,1
트루스 오어 데어,2438,2018,5,1,0,0,공포(호러),미국,0,18.1,23.2,184357,3,4,0
한 솔로: 스타워즈 스토리,2439,2018,5,3,0,0,액션,미국,0,18.3,23.7,124399,2,5,0
위 베어 베어스: 베이비 베어스,2440,2018,5,3,0,0,애니메이션,미국,0,18.3,23.7,12110,1,10,0
데자뷰,2441,2018,5,2,0,0,미스터리,한국,1,20.2,24.7,41446,1,8,0
"스탠바이, 웬디",2442,2018,5,2,0,0,드라마,미국,0,20.2,24.7,29241,1,9,0
극장판 포켓몬스터DP - 디아루가 VS 펄기아 VS 다크라이,2443,2018,6,2,0,0,애니메이션,일본,0,23.0,27.9,133846,2,4,0
쥬라기 월드: 폴른 킹덤,2444,2018,6,2,0,0,액션,,0,23.0,27.9,3223416,5,1,1
벅스 프렌즈,2445,2018,6,2,0,0,애니메이션,중국,0,23.0,27.9,26793,1,8,0
아이 필 프리티,2446,2018,6,2,0,0,코미디,,0,23.0,27.9,106305,3,5,0
유전,2447,2018,6,3,0,0,공포(호러),미국,0,22.2,29.4,90399,3,6,0
탐정: 리턴즈,2448,2018,6,2,0,0,코미디,,0,22.0,27.0,1020490,5,1,1
토니스토리2: 고철왕국의 친구들,2449,2018,6,2,0,0,애니메이션,독일,0,22.0,27.0,12415,1,10,0
오션스8,2450,2018,6,2,0,0,액션,,0,22.0,27.0,616329,4,3,1
여중생A,2451,2018,6,2,0,0,드라마,,0,22.7,28.4,62732,2,6,0
아일라,2452,2018,6,3,0,0,드라마,,0,23.7,28.7,22970,1,8,0
미드나잇 선,2453,2018,6,3,0,0,멜로/로맨스,,0,23.7,28.7,69741,5,5,0
허스토리,2454,2018,6,2,0,0,드라마,한국,1,22.3,25.5,12634,4,5,0
시카리오: 데이 오브 솔다도,2455,2018,6,2,0,0,액션,미국,0,22.3,25.5,154976,2,6,0
빅샤크: 매직체인지,2456,2018,6,2,0,0,애니메이션,중국,0,22.3,25.5,58731,3,9,0
마녀,2457,2018,6,2,0,0,미스터리,한국,1,22.3,25.5,952428,6,1,1
변산,2458,2018,7,2,1,0,드라마,한국,1,27.3,31.8,264492,3,3,0
앤트맨과 와스프,2459,2018,7,2,1,0,액션,미국,0,27.3,31.8,2626042,5,1,1
스카이스크래퍼,2460,2018,7,2,1,0,액션,미국,0,26.8,29.5,615091,3,3,0
"오늘 밤, 로맨스 극장에서",2461,2018,7,2,1,0,판타지,일본,0,26.8,29.5,19969,1,10,0
속닥속닥,2462,2018,7,4,1,0,공포(호러),한국,1,27.3,30.9,163278,2,4,0
인크레더블 2,2463,2018,7,2,1,0,애니메이션,미국,0,28.2,33.2,1359279,4,1,1
호텔 아르테미스,2464,2018,7,2,1,0,액션,미국,0,28.2,33.2,64764,1,6,0
독전: 익스텐디드 컷,2465,2018,7,2,1,0,범죄,한국,1,28.2,33.2,111528,2,5,0
신은 죽지 않았다 3: 어둠 속의 빛,2466,2018,7,3,1,0,드라마,미국,0,28.7,34.1,33292,2,10,0
인랑,2467,2018,7,2,1,0,SF,한국,1,30.1,34.1,756884,2,3,0
미션 임파서블: 폴아웃,2468,2018,7,2,1,0,액션,미국,0,30.1,34.1,3295852,6,1,1
신비아파트: 금빛 도깨비와 비밀의 동굴,2469,2018,7,2,1,0,애니메이션,한국,1,30.1,34.1,317299,3,4,0
어느 가족,2470,2018,7,3,1,0,드라마,일본,0,30.1,33.7,37403,3,8,0
신과함께-인과 연,2471,2018,8,2,1,0,판타지,한국,1,33.6,39.6,6182041,7,1,1
극장판 헬로카봇 : 백악기 시대,2472,2018,8,2,1,0,애니메이션,한국,1,33.6,39.6,618428,3,4,0
공작,2473,2018,8,2,1,0,드라마,한국,1,31.0,35.3,2058091,6,1,1
맘마미아!2,2474,2018,8,2,1,0,뮤지컬,미국,0,31.0,35.3,68527,7,3,1
몬스터 호텔 3,2475,2018,8,2,1,0,애니메이션,미국,0,31.0,35.3,511134,3,5,1
명탐정 코난 : 제로의 집행인,2476,2018,8,2,1,0,애니메이션,일본,0,31.0,35.3,281327,2,6,0
목격자,2477,2018,8,2,1,0,스릴러,한국,1,31.7,38.0,1344363,4,2,1
메가로돈,2478,2018,8,2,1,0,액션,미국,0,31.7,38.0,413426,2,5,0
극장판 도라에몽: 진구의 보물섬,2479,2018,8,2,1,0,애니메이션,일본,0,31.7,38.0,136993,1,8,0
너의 결혼식,2480,2018,8,2,1,0,멜로/로맨스,한국,1,30.7,37.6,877096,5,1,1
나를 차버린 스파이,2481,2018,8,2,1,0,액션,미국,0,30.7,37.6,155032,3,6,0
마일22,2482,2018,8,3,1,0,액션,미국,0,29.4,32.2,51142,1,10,0
상류사회,2483,2018,8,2,1,0,드라마,한국,1,25.2,27.4,506864,3,3,0
서치,2484,2018,8,2,1,0,드라마,미국,0,25.2,27.4,567867,6,1,1
어드리프트:우리가 함께한 바다,2485,2018,9,3,0,0,멜로/로맨스,미국,0,24.1,28.2,40299,1,9,0
업그레이드,2486,2018,9,3,0,0,액션,미국,0,24.1,28.2,109140,2,4,0
물괴,2487,2018,9,2,0,0,액션,한국,1,22.8,28.2,612631,2,2,0
더 프레데터,2488,2018,9,2,0,0,SF,미국,0,22.8,28.2,149398,2,4,0
킬러의 보디가드 무삭제 특별판,2489,2018,9,2,0,0,액션,미국,0,22.8,28.2,10419,1,6,0
명당,2490,2018,9,2,0,0,사극,한국,1,22.1,26.6,752243,3,2,1
안시성,2491,2018,9,2,0,0,사극,한국,1,22.1,26.6,14909,6,1,1
협상,2492,2018,9,2,0,0,범죄,한국,1,22.1,26.6,607063,4,3,1
더 넌,2493,2018,9,2,0,0,공포(호러),미국,0,22.1,26.6,541183,3,4,1
극장판 요괴워치 섀도사이드: 도깨비왕의 부활,2494,2018,9,3,0,0,애니메이션,일본,0,19.0,20.1,45791,2,7,0
루이스,2495,2018,9,3,0,0,애니메이션,독일,0,19.0,20.1,26330,2,8,0
극장판 뽀잉: 슈퍼 변신의 비밀,2496,2018,9,3,0,0,애니메이션,한국,1,19.0,20.1,20096,1,10,0
에그엔젤 코코밍: 두근두근 핼러윈 파티,2497,2018,9,5,0,0,애니메이션,일본,0,20.8,25.5,26043,1,9,0
원더풀 고스트,2498,2018,9,2,0,0,코미디,한국,1,19.4,24.8,371425,2,5,0
베놈,2499,2018,10,2,0,0,액션,미국,0,17.3,24.2,2081202,4,1,1
암수살인,2500,2018,10,2,0,0,범죄,한국,1,17.3,24.2,1595753,5,1,1
곰돌이 푸 다시 만나 행복해,2501,2018,10,2,0,0,어드벤처,미국,0,17.3,24.2,225803,4,4,0
셜록 놈즈,2502,2018,10,2,0,0,애니메이션,미국,0,17.3,24.2,55086,2,8,0
스타 이즈 본,2503,2018,10,1,0,0,드라마,미국,0,15.3,19.8,151471,7,5,0
다이노 어드벤처2: 육해공 공룡 대백과,2504,2018,10,1,0,0,애니메이션,영국,0,15.3,19.8,34822,1,7,0
에브리데이,2505,2018,10,3,0,0,멜로/로맨스,미국,0,9.7,13.9,18294,1,10,0
미쓰백,2506,2018,10,3,0,0,드라마,한국,1,9.7,13.9,185230,4,4,0
액슬,2507,2018,10,3,0,0,액션,미국,0,12.7,19.0,11809,1,10,0
배반의 장미,2508,2018,10,3,0,0,코미디,한국,1,12.7,19.0,28878,1,8,0
퍼스트맨,2509,2018,10,3,0,0,SF,미국,0,12.7,19.0,422568,2,3,0
펭귄 하이웨이,2510,2018,10,3,0,0,애니메이션,일본,0,12.7,19.0,23290,1,9,0
창궐,2511,2018,10,3,0,0,사극,한국,1,13.8,21.2,1002123,3,1,1
크레이지 리치 아시안,2512,2018,10,3,0,0,멜로/로맨스,미국,0,13.8,21.2,105987,2,6,0
완벽한 타인,2513,2018,10,2,0,0,드라마,한국,1,7.4,12.6,39115,8,1,1
할로윈,2514,2018,10,2,0,0,공포(호러),미국,0,7.4,12.6,90017,1,6,0
바울,2515,2018,10,2,0,0,드라마,미국,0,7.4,12.6,65953,4,4,0
벽 속에 숨은 마법시계,2516,2018,10,2,0,0,판타지,미국,0,7.4,12.6,169095,2,4,0
보헤미안 랩소디,2517,2018,10,2,0,0,드라마,,0,7.4,12.6,706776,13,1,1
동네사람들,2518,2018,11,2,0,0,액션,한국,1,12.8,15.7,349542,2,3,0
구스범스: 몬스터의 역습,2519,2018,11,2,0,0,판타지,미국,0,12.8,15.7,20914,1,10,0
여곡성,2520,2018,11,3,0,0,공포(호러),한국,1,11.8,14.7,54872,1,7,0
신비한 동물들과 그린델왈드의 범죄,2521,2018,11,2,0,0,판타지,미국,0,9.8,16.6,1519853,4,1,1
출국,2522,2018,11,2,0,0,드라마,한국,1,9.8,16.6,36191,2,8,0
번 더 스테이지: 더 무비,2523,2018,11,3,0,0,기타,한국,1,9.7,16.2,235068,2,4,0
너의 췌장을 먹고 싶어,2524,2018,11,3,0,0,애니메이션,일본,0,9.7,16.2,31710,2,9,0
해피 투게더,2525,2018,11,3,0,0,드라마,한국,1,9.7,16.2,13904,1,10,0
툴리,2526,2018,11,3,0,0,드라마,캐나다,0,2.3,7.1,23225,1,9,0
베일리 어게인,2527,2018,11,3,0,0,어드벤처,미국,0,2.3,7.1,44142,2,6,0
성난황소,2528,2018,11,3,0,0,범죄,한국,1,2.3,7.1,71087,4,2,1
국가부도의 날,2529,2018,11,2,0,0,드라마,,0,5.0,11.1,1558197,4,1,1
후드,2530,2018,11,2,0,0,어드벤처,미국,0,5.0,11.1,225253,2,5,0
거미줄에 걸린 소녀,2531,2018,11,2,0,0,액션,미국,0,5.0,11.1,24766,1,9,0
투 프렌즈,2532,2018,11,3,0,0,애니메이션,러시아,0,3.5,6.7,20065,1,10,0
모털 엔진,2533,2018,12,2,0,1,액션,미국,0,0.0,3.4,203372,2,5,0
도어락,2534,2018,12,2,0,1,스릴러,한국,1,0.0,3.4,811749,3,3,1
런닝맨 : 풀룰루의 역습,2535,2018,12,2,0,1,애니메이션,한국,1,0.0,3.4,122152,2,6,0
호두까기 인형과 4개의 왕국,2536,2018,12,3,0,1,판타지,,0,2.4,6.8,229766,2,4,0
부탁 하나만 들어줘,2537,2018,12,2,0,1,스릴러,미국,0,-1.9,2.4,84096,1,6,0
스파이더맨: 뉴 유니버스,2538,2018,12,2,0,1,애니메이션,,0,-1.9,2.4,386892,3,4,0
마약왕,2539,2018,12,2,0,1,범죄,한국,1,4.0,9.5,1202982,2,2,1
스윙키즈,2540,2018,12,2,0,1,드라마,,0,4.0,9.5,82008,5,3,1
아쿠아맨,2541,2018,12,2,0,1,액션,,0,4.0,9.5,1249885,5,1,1
그린치,2542,2018,12,2,0,1,애니메이션,,0,4.0,9.5,195695,3,5,0
극장판 포켓몬스터 모두의 이야기,2543,2018,12,2,0,1,애니메이션,일본,0,4.0,9.5,85371,1,10,0
극장판 짱구는 못말려: 아뵤! 쿵후 보이즈 ~라면 대란~,2544,2018,12,2,0,1,애니메이션,,0,4.0,9.5,111789,2,9,0
점박이 한반도의 공룡2 : 새로운 낙원,2545,2018,12,1,0,1,애니메이션,한국,1,0.6,5.2,327110,2,7,0
범블비,2546,2018,12,1,0,1,액션,,0,0.6,5.2,1052442,3,2,1
PMC: 더 벙커,2547,2018,12,2,0,1,액션,한국,1,-1.5,3.0,991869,3,3,1
언니,2548,2019,1,1,0,1,액션,한국,1,-5.0,-0.6,171095,1,8,0
주먹왕 랄프 2: 인터넷 속으로,2549,2019,1,3,0,1,애니메이션,미국,0,-3.5,3.2,753837,5,2,1
내안의 그놈,2550,2019,1,2,0,1,판타지,한국,1,-4.7,1.3,744986,4,2,1
말모이,2551,2019,1,2,0,1,드라마,한국,1,-4.7,1.3,98615,6,1,1
그린 북,2552,2019,1,2,0,1,드라마,미국,0,-4.7,1.3,92682,8,6,0
극장판 공룡메카드: 타이니소어의 섬,2553,2019,1,3,0,1,애니메이션,한국,1,-0.6,3.0,289224,2,5,0
미래의 미라이,2554,2019,1,2,0,1,애니메이션,일본,0,-5.2,-1.1,74982,1,9,0
언더독,2555,2019,1,2,0,1,애니메이션,한국,1,-5.2,-1.1,110782,2,5,0
글래스,2556,2019,1,3,0,1,드라마,미국,0,-0.3,4.0,339083,2,3,0
극한직업,2557,2019,1,2,0,1,코미디,한국,1,2.0,7.0,3120405,8,1,1
몬스터 파크,2558,2019,1,2,0,1,애니메이션,영국,0,2.0,7.0,29802,1,10,0
가버나움,2559,2019,1,3,0,1,드라마,기타,0,0.1,6.5,32132,2,8,0
러브 유어셀프 인 서울,2560,2019,1,5,0,1,공연,한국,1,-2.5,2.4,182103,3,4,0
뺑반,2561,2019,1,2,0,1,범죄,한국,1,1.8,6.6,954106,3,2,1
드래곤 길들이기 3,2562,2019,1,2,0,1,애니메이션,미국,0,1.8,6.6,614508,5,3,1
극장판 헬로카봇: 옴파로스 섬의 비밀,2563,2019,1,3,0,1,애니메이션,한국,1,-2.0,2.3,308337,3,4,0
알리타: 배틀 엔젤,2564,2019,2,1,0,0,액션,미국,0,2.8,10.1,1244171,4,2,1
레고 무비2,2565,2019,2,2,0,0,애니메이션,미국,0,5.1,9.3,68501,1,6,0
기묘한 가족,2566,2019,2,2,0,0,코미디,한국,1,-2.1,2.5,203118,1,5,0
증인,2567,2019,2,2,0,0,드라마,한국,1,-2.1,2.5,703375,5,2,1
명탐정 코난:전율의 악보,2568,2019,2,3,0,0,애니메이션,일본,0,-0.5,6.3,83376,1,9,0
메리 포핀스 리턴즈,2569,2019,2,3,0,0,판타지,미국,0,-0.5,6.3,129304,2,7,0
해피 데스데이 2 유,2570,2019,2,3,0,0,공포(호러),미국,0,-0.5,6.3,288142,2,4,0
사바하,2571,2019,2,2,0,0,미스터리,한국,1,1.7,4.5,1174016,4,1,1
콜드 체이싱,2572,2019,2,2,0,0,액션,영국,0,1.7,4.5,78016,1,9,0
신데렐라:마법 반지의 비밀,2573,2019,2,2,0,0,애니메이션,미국,0,1.7,4.5,131642,3,5,0
더 페이버릿: 여왕의 여자,2574,2019,2,3,0,0,드라마,미국,0,2.4,9.0,65411,2,7,0
자전차왕 엄복동,2575,2019,2,2,0,0,드라마,한국,1,7.8,14.0,152411,2,5,0
"어쩌다, 결혼",2576,2019,2,2,0,0,멜로/로맨스,한국,1,7.8,14.0,69804,1,7,0
항거:유관순 이야기,2577,2019,2,2,0,0,드라마,한국,1,7.8,14.0,789844,4,2,1
캡틴 마블,2578,2019,3,2,0,0,액션,미국,0,8.4,12.4,3036626,8,1,1
리노,2579,2019,3,3,0,0,애니메이션,브라질,0,7.0,12.7,16303,1,8,0
숲속왕국의 꿀벌 여왕,2580,2019,3,3,0,0,애니메이션,프랑스,0,5.0,10.0,17796,1,10,0
이스케이프 룸,2581,2019,3,3,0,0,액션,미국,0,5.0,10.0,388741,2,2,0
라스트 미션,2582,2019,3,3,0,0,드라마,미국,0,5.0,10.0,62995,2,6,0
1919 유관순,2583,2019,3,3,0,0,다큐멘터리,한국,1,5.0,10.0,22307,1,9,0
우상,2584,2019,3,2,0,0,스릴러,한국,1,10.3,14.6,131806,2,5,0
돈,2585,2019,3,2,0,0,범죄,한국,1,10.3,14.6,70131,7,1,1
악질경찰,2586,2019,3,2,0,0,범죄,한국,1,10.3,14.6,188341,2,3,0
정글북: 마법 원정대,2587,2019,3,3,0,0,애니메이션,러시아,0,7.1,11.1,22534,1,8,0
페이트 스테이 나이트 헤븐즈필 제2장 로스트 버터플라이,2588,2019,3,3,0,0,애니메이션,일본,0,7.1,11.1,23008,1,7,0
썬키스 패밀리,2589,2019,3,2,0,0,가족,한국,1,11.6,16.2,23812,1,8,0
장난스런 키스,2590,2019,3,2,0,0,멜로/로맨스,대만,0,11.6,16.2,164351,3,5,0
어스,2591,2019,3,2,0,0,공포(호러),미국,0,11.6,16.2,936041,3,2,1
덤보,2592,2019,3,2,0,0,가족,미국,0,11.6,16.2,212836,2,4,0
콜레트,2593,2019,3,2,0,0,드라마,영국,0,11.6,16.2,21233,2,9,0
생일,2594,2019,4,2,0,0,드라마,한국,1,7.6,13.6,365034,5,1,1
샤잠!,2595,2019,4,2,0,0,액션,미국,0,7.6,13.6,499848,2,1,0
로망,2596,2019,4,2,0,0,멜로/로맨스,한국,1,7.6,13.6,40566,1,8,0
헬보이,2597,2019,4,2,0,0,액션,미국,0,7.1,10.2,219985,2,2,0
공포의 묘지,2598,2019,4,2,0,0,공포(호러),미국,0,7.1,10.2,86527,1,7,0
파이브 피트,2599,2019,4,2,0,0,드라마,미국,0,7.1,10.2,60449,1,10,0
미성년,2600,2019,4,3,0,0,드라마,한국,1,9.5,15.7,137592,3,3,0
바이스,2601,2019,4,3,0,0,드라마,미국,0,9.5,15.7,8094,4,9,0
아이 엠 마더,2602,2019,4,3,0,0,액션,미국,0,9.5,15.7,31860,1,10,0
왓칭,2603,2019,4,2,0,0,공포(호러),한국,1,15.3,21.8,44296,1,8,0
요로나의 저주,2604,2019,4,2,0,0,공포(호러),미국,0,15.3,21.8,160214,2,2,0
크게 될 놈,2605,2019,4,3,0,0,드라마,한국,1,12.6,16.2,61169,2,6,0
어벤져스: 엔드게임,2606,2019,4,2,0,0,액션,,0,19.5,25.9,6308048,9,1,1
안도 타다오,2607,2019,4,3,0,0,다큐멘터리,일본,0,13.2,17.2,10276,2,8,0
뽀로로 극장판 보물섬 대모험,2608,2019,4,3,0,0,애니메이션,한국,1,13.2,17.2,272699,4,2,0
나의 특별한 형제,2609,2019,5,2,0,0,드라마,한국,1,16.4,22.2,626061,4,2,1
어글리 돌,2610,2019,5,2,0,0,애니메이션,미국,0,16.4,22.2,37214,2,5,0
프렌즈: 둥지탈출,2611,2019,5,2,0,0,애니메이션,독일,0,16.4,22.2,9934,1,10,0
호텔 뭄바이,2612,2019,5,2,0,0,스릴러,호주,0,15.6,21.3,34394,2,6,0
걸캅스,2613,2019,5,3,0,0,코미디,한국,1,16.6,22.9,587444,4,3,1
명탐정 피카츄,2614,2019,5,3,0,0,액션,미국,0,16.6,22.9,119716,4,4,0
배심원들,2615,2019,5,2,0,0,드라마,한국,1,20.7,28.0,20243,3,5,0
악인전,2616,2019,5,2,0,0,범죄,한국,1,20.7,28.0,20713,5,1,1
서스페리아,2617,2019,5,3,0,0,공포(호러),이탈리아,0,23.5,30.0,18121,1,10,0
교회오빠,2618,2019,5,3,0,0,다큐멘터리,한국,1,23.5,30.0,18239,3,9,0
어린 의뢰인,2619,2019,5,2,0,0,드라마,한국,1,19.5,26.5,136475,2,5,0
알라딘,2620,2019,5,3,0,0,어드벤처,,0,22.1,29.2,873717,19,1,1
더 보이,2621,2019,5,3,0,0,공포(호러),미국,0,22.1,29.2,71209,2,7,0
고질라: 킹 오브 몬스터,2622,2019,5,2,0,0,액션,미국,0,20.3,26.5,298012,2,4,0
0.0MHz,2623,2019,5,2,0,0,공포(호러),한국,1,20.3,26.5,106602,2,5,0
기생충,2624,2019,5,3,0,0,드라마,,0,19.6,24.5,3366757,13,1,1
엑스맨: 다크 피닉스,2625,2019,6,2,0,0,액션,미국,0,23.0,29.6,737179,3,3,0
로켓맨,2626,2019,6,2,0,0,드라마,영국,0,23.0,29.6,72050,2,5,0
빅샤크2: 해저2만리,2627,2019,6,3,0,0,애니메이션,중국,0,21.2,25.1,42785,1,8,0
맨 인 블랙: 인터내셔널,2628,2019,6,2,0,0,액션,,0,21.5,26.4,637801,3,3,0
천로역정: 천국을 찾아서,2629,2019,6,3,0,0,애니메이션,,0,23.0,28.8,65305,4,5,0
세상을 바꾼 변호인,2630,2019,6,3,0,0,드라마,,0,23.0,28.8,15396,2,9,0
업사이드,2631,2019,6,3,0,0,코미디,미국,0,23.0,28.8,26962,1,7,0
롱 리브 더 킹: 목포 영웅,2632,2019,6,2,0,0,액션,,0,21.4,25.4,664895,3,4,1
토이 스토리 4,2633,2019,6,3,0,0,애니메이션,,0,22.7,27.8,1115107,6,2,1
사탄의 인형,2634,2019,6,3,0,0,공포(호러),,0,22.7,27.8,46546,1,8,0
비스트,2635,2019,6,2,0,0,범죄,한국,1,25.5,29.5,173895,2,7,0
마담 싸이코,2636,2019,6,2,0,0,공포(호러),미국,0,25.5,29.5,33309,1,9,0
존 윅 3: 파라벨룸,2637,2019,6,2,0,0,액션,미국,0,25.5,29.5,71221,4,3,0
애나벨 집으로,2638,2019,6,2,0,0,공포(호러),미국,0,25.5,29.5,291158,3,6,0
스파이더맨: 파 프롬 홈,2639,2019,7,1,1,0,액션,미국,0,24.4,30.1,4521200,5,1,1
기방도령,2640,2019,7,2,1,0,코미디,한국,1,22.7,27.3,217361,2,4,0
진범,2641,2019,7,2,1,0,스릴러,한국,1,22.7,27.3,105676,2,6,0
극장판 엉덩이 탐정: 화려한 사건 수첩,2642,2019,7,3,1,0,애니메이션,일본,0,21.9,25.9,100054,2,7,0
미드소마,2643,2019,7,3,1,0,공포(호러),미국,0,21.9,25.9,45182,2,10,0
라이온 킹,2644,2019,7,2,1,0,어드벤처,미국,0,25.6,29.2,2273784,4,1,1
사일런스,2645,2019,7,2,1,0,공포(호러),미국,0,25.6,29.2,43032,1,8,0
나랏말싸미,2646,2019,7,2,1,0,사극,한국,1,26.5,27.2,741163,2,2,0
롱 샷,2647,2019,7,2,1,0,코미디,미국,0,26.5,27.2,104381,2,7,0
명탐정 코난: 감청의 권,2648,2019,7,2,1,0,애니메이션,일본,0,26.5,27.2,165059,2,6,0
레드슈즈,2649,2019,7,3,1,0,애니메이션,한국,1,26.3,27.4,206262,6,5,0
사자,2650,2019,7,2,1,0,미스터리,한국,1,25.8,27.5,15897,4,2,1
마이펫의 이중생활 2,2651,2019,7,2,1,0,애니메이션,미국,0,25.8,27.5,632403,4,4,1
엑시트,2652,2019,7,2,1,0,코미디,한국,1,25.8,27.5,2943496,8,1,1
봉오동 전투,2653,2019,8,2,1,0,사극,한국,1,26.9,30.3,2020973,5,2,1
앵그리 버드 2: 독수리 왕국의 침공,2654,2019,8,2,1,0,애니메이션,미국,0,26.9,30.3,129448,1,9,0
브링 더 소울 : 더 무비,2655,2019,8,2,1,0,기타,한국,1,26.9,30.3,273614,1,5,0
김복동,2656,2019,8,3,1,0,다큐멘터리,한국,1,28.9,32.7,27053,1,10,0
"안녕, 티라노: 영원히, 함께",2657,2019,8,2,1,0,애니메이션,한국,1,30.4,35.7,137980,2,4,0
원더랜드,2658,2019,8,2,1,0,애니메이션,미국,0,30.4,35.7,70091,1,8,0
분노의 질주: 홉스&쇼,2659,2019,8,2,1,0,액션,미국,0,30.4,35.7,2029928,5,1,1
암전,2660,2019,8,3,1,0,미스터리,한국,1,25.9,28.6,80975,1,6,0
변신,2661,2019,8,2,1,0,공포(호러),한국,1,27.0,30.4,754709,4,1,1
광대들: 풍문조작단,2662,2019,8,2,1,0,사극,한국,1,27.0,30.4,427977,3,5,0
커런트 워,2663,2019,8,3,1,0,드라마,미국,0,26.9,31.4,130673,2,6,0
애프터,2664,2019,8,3,1,0,드라마,미국,0,26.9,31.4,37112,1,9,0
유열의 음악앨범,2665,2019,8,2,1,0,멜로/로맨스,한국,1,26.1,30.2,672863,3,1,1
47미터 2,2666,2019,8,2,1,0,공포(호러),미국,0,26.1,30.2,309921,2,5,0
안나,2667,2019,8,2,1,0,액션,프랑스,0,26.1,30.2,73037,1,8,0
벌새,2668,2019,8,3,1,0,드라마,한국,1,23.4,26.4,20162,1,10,0
그것: 두 번째 이야기,2669,2019,9,2,0,0,스릴러,미국,0,22.8,25.5,414575,3,2,0
극장판 헬로카봇 : 달나라를 구해줘!,2670,2019,9,2,0,0,애니메이션,한국,1,22.8,25.5,316822,3,3,0
안녕 베일리,2671,2019,9,3,0,0,가족,미국,0,23.0,27.6,38155,1,9,0
타짜: 원 아이드 잭,2672,2019,9,2,0,0,범죄,한국,1,24.3,28.7,1668205,3,2,1
"힘을 내요, 미스터 리",2673,2019,9,2,0,0,코미디,한국,1,24.3,28.7,859917,3,3,1
나쁜 녀석들: 더 무비,2674,2019,9,2,0,0,범죄,한국,1,24.3,28.7,2671681,4,1,1
극장판 반지의 비밀일기,2675,2019,9,2,0,0,애니메이션,한국,1,24.3,28.7,53829,1,8,0
예스터데이,2676,2019,9,2,0,0,드라마,미국,0,21.0,25.4,211358,2,5,0
애드 아스트라,2677,2019,9,3,0,0,SF,미국,0,19.5,26.0,352241,3,3,0
장사리 : 잊혀진 영웅들,2678,2019,9,2,0,0,전쟁,한국,1,20.9,27.4,685420,4,1,1
양자물리학,2679,2019,9,2,0,0,범죄,한국,1,20.9,27.4,378974,2,3,0
더 룸,2680,2019,9,2,0,0,미스터리,프랑스,0,20.9,27.4,42154,1,10,0
원스 어폰 어 타임... 인 할리우드,2681,2019,9,2,0,0,드라마,미국,0,20.9,27.4,195744,3,4,0
퍼펙트맨,2682,2019,10,2,0,0,코미디,한국,1,21.6,24.2,30172,6,3,1
가장 보통의 연애,2683,2019,10,2,0,0,멜로/로맨스,한국,1,21.6,24.2,1057695,6,2,1
소피와 드래곤: 마법책의 비밀,2684,2019,10,2,0,0,애니메이션,러시아,0,21.6,24.2,70108,2,7,0
조커,2685,2019,10,2,0,0,액션,미국,0,21.6,24.2,2199736,8,1,1
몬스터 하우스,2686,2019,10,3,0,0,애니메이션,캐나다,0,22.4,27.3,37356,2,6,0
판소리 복서,2687,2019,10,2,0,0,코미디,한국,1,13.6,20.4,15685,1,9,0
제미니 맨,2688,2019,10,2,0,0,액션,미국,0,13.6,20.4,295689,2,4,0
잃어버린 세계를 찾아서,2689,2019,10,2,0,0,애니메이션,미국,0,13.6,20.4,17510,1,8,0
버티고,2690,2019,10,2,0,0,드라마,한국,1,14.6,20.8,9082,1,9,0
너를 만난 여름,2691,2019,10,2,0,0,드라마,중국,0,14.6,20.8,17150,1,7,0
두번할까요,2692,2019,10,3,0,0,코미디,한국,1,15.4,21.6,132647,2,5,0
말레피센트 2,2693,2019,10,3,0,0,어드벤처,미국,0,15.4,21.6,610721,4,2,1
82년생 김지영,2694,2019,10,2,0,0,드라마,한국,1,17.0,20.7,1113438,6,1,1
람보 : 라스트 워,2695,2019,10,2,0,0,액션,미국,0,17.0,20.7,70957,2,5,0
빅트립: 아기팬더 배달 대모험,2696,2019,10,2,0,0,애니메이션,미국,0,17.0,20.7,32006,1,8,0
더 킹: 헨리 5세,2697,2019,10,2,0,0,드라마,네덜란드,0,17.0,20.7,10524,1,9,0
날씨의 아이,2698,2019,10,2,0,0,애니메이션,일본,0,11.2,17.7,8364,10,3,0
터미네이터: 다크 페이트,2699,2019,10,2,0,0,액션,미국,0,11.2,17.7,1364233,5,2,1
빅 위시,2700,2019,10,2,0,0,판타지,멕시코,0,11.2,17.7,28742,1,7,0
빅 2: 황금열쇠 대소동,2701,2019,10,2,0,0,애니메이션,인도,0,11.2,17.7,10768,1,10,0
신의 한 수: 귀수편,2702,2019,11,3,0,0,범죄,한국,1,9.2,13.6,1060292,4,1,1
닥터 슬립,2703,2019,11,3,0,0,스릴러,미국,0,9.2,13.6,45778,1,8,0
아담스 패밀리,2704,2019,11,3,0,0,애니메이션,미국,0,9.2,13.6,198540,2,4,0
블랙머니,2705,2019,11,2,0,0,범죄,한국,1,7.2,11.3,13739,7,1,1
엔젤 해즈 폴른,2706,2019,11,2,0,0,액션,미국,0,7.2,11.3,125727,2,5,0
좀비랜드: 더블 탭,2707,2019,11,2,0,0,액션,미국,0,7.2,11.3,104102,2,7,0
윤희에게,2708,2019,11,3,0,0,멜로/로맨스,한국,1,1.3,5.0,32058,3,9,0
얼굴없는 보스,2709,2019,11,3,0,0,액션,한국,1,4.2,9.0,15832,1,10,0
겨울왕국 2,2710,2019,11,3,0,0,애니메이션,,0,4.2,9.0,4437734,9,1,1
나를 찾아줘,2711,2019,11,2,0,0,스릴러,한국,1,3.1,6.8,461630,2,2,0
허슬러,2712,2019,11,2,0,0,범죄,미국,0,3.1,6.8,33399,1,8,0
크롤,2713,2019,11,2,0,0,액션,미국,0,3.1,6.8,106446,2,4,0
러브 앳,2714,2019,11,2,0,0,멜로/로맨스,프랑스,0,3.1,6.8,50808,2,6,0
감쪽같은 그녀,2715,2019,12,2,0,1,드라마,한국,1,2.0,7.2,230875,3,4,0
포드 V 페라리,2716,2019,12,2,0,1,액션,,0,2.0,7.2,451673,6,2,1
나이브스 아웃,2717,2019,12,2,0,1,미스터리,,0,2.0,7.2,232690,7,3,0
굿 라이어,2718,2019,12,3,0,1,스릴러,미국,0,-4.4,-0.2,16808,1,10,0
라스트 크리스마스,2719,2019,12,3,0,1,코미디,미국,0,-4.4,-0.2,143216,3,6,0
아내를 죽였다,2720,2019,12,2,0,1,스릴러,한국,1,6.3,9.8,74254,1,7,0
쥬만지: 넥스트 레벨,2721,2019,12,2,0,1,액션,,0,6.3,9.8,801906,2,2,1
카운트다운,2722,2019,12,3,0,1,공포(호러),미국,0,-0.7,3.4,53035,2,8,0
시동,2723,2019,12,2,0,1,드라마,,0,0.8,5.2,49354,6,2,1
백두산,2724,2019,12,3,0,1,어드벤처,,0,-0.8,3.1,2459010,6,1,1
신비아파트 극장판 하늘도깨비 대 요르문간드,2725,2019,12,3,0,1,애니메이션,,0,-0.8,3.1,312635,4,4,0
캣츠,2726,2019,12,1,0,1,뮤지컬,,0,0.8,6.5,696173,1,3,0
프린스 코기,2727,2019,12,1,0,1,애니메이션,,0,0.8,6.5,109390,1,9,0
눈의 여왕4,2728,2019,12,1,0,1,애니메이션,,0,0.8,6.5,117799,2,7,0
천문: 하늘에 묻는다,2729,2019,12,3,0,1,사극,한국,1,2.0,4.1,688698,5,2,1
미드웨이,2730,2019,12,1,0,1,액션,미국,0,-7.9,-4.5,668304,3,4,0
